requested_composition,realized_composition,n_atoms,volume_per_atom_A3,density_g_cm3,bulk_modulus_GPa,x_Mo_requested,x_Ti_requested,x_Ta_requested,x_Mo_realized,x_Ti_realized,x_Ta_realized,V_vegard_mlip_A3,V_vegard_lit_A3,delta_V_mlip_A3,delta_V_lit_A3,delta_V_mlip_percent,delta_V_lit_percent
Ta100.0000,Ta100.0000,54,18.556253208344447,16.192440402954347,128.44857949256962,0.0,0.0,1.0,0.0,0.0,1.0,18.556253208344447,18.556253208344447,0.0,0.0,0.0,0.0
Ti10.0000 Ta90.0000,Ta90.7407 Ti9.2593,54,18.187577226995547,15.395638130599199,173.47366595928042,0.0,0.1,0.9,0.0,0.09259259259259259,0.9074074074074074,18.43110397519986,18.44062788751,-0.24352674820431375,-0.2530506605144538,-1.3212813976416897,-1.3722453598548412
Ti20.0000 Ta80.0000,Ta79.6296 Ti20.3704,54,18.04979578946584,14.152811498583329,160.21147959599327,0.0,0.2,0.8,0.0,0.2037037037037037,0.7962962962962963,18.30595474205527,18.325002566675558,-0.25615895258943056,-0.27520677720971776,-1.3993203643235421,-1.5018103064836
Ti30.0000 Ta70.0000,Ta70.3704 Ti29.6296,54,17.929213073982822,13.106748729431756,149.7624956579986,0.0,0.3,0.7,0.0,0.2962962962962963,0.7037037037037037,18.18080550891068,18.20937724584111,-0.25159243492785777,-0.28016417185828857,-1.383835467600974,-1.538570858716632
Ti40.0000 Ta60.0000,Ta59.2593 Ti40.7407,54,17.809938871247237,11.815856984998245,141.3719056927717,0.0,0.4,0.6,0.0,0.4074074074074074,0.5925925925925926,18.055656275766097,18.093751925006668,-0.24571740451886015,-0.283813053759431,-1.360888802744083,-1.5685693875750781
Ti50.0000 Ta50.0000,Ta50.0000 Ti50.0000,54,17.73089620516051,10.71451897845008,136.7117017843976,0.0,0.5,0.5,0.0,0.5,0.5,17.930507042621507,17.978126604172225,-0.19961083746099817,-0.24723039901171617,-1.1132470319245045,-1.3751733117417297
Ti60.0000 Ta40.0000,Ti59.2593 Ta40.7407,54,17.652766952543487,9.602820772048911,131.57182021306895,0.0,0.6,0.4,0.0,0.5925925925925926,0.4074074074074074,17.80535780947692,17.862501283337778,-0.15259085693343266,-0.2097343307942907,-0.8569940495788072,-1.1741599200887496
Ti70.0000 Ta30.0000,Ti70.3704 Ta29.6296,54,17.537184805442067,8.265999287874408,125.4927448008324,0.0,0.7,0.3,0.0,0.7037037037037037,0.2962962962962963,17.68020857633233,17.74687596250333,-0.14302377089026308,-0.20969115706126473,-0.8089484367380276,-1.1815665895468748
Ti80.0000 Ta20.0000,Ti79.6296 Ta20.3704,54,17.458319887044528,7.131309954195416,119.87876008887633,0.0,0.8,0.2,0.0,0.7962962962962963,0.2037037037037037,17.555059343187743,17.63125064166889,-0.09673945614321511,-0.17293075462436036,-0.5510631109359078,-0.9808195580616599
Ti90.0000 Ta10.0000,Ti90.7407 Ta9.2593,54,17.324725964698867,5.7690199853518145,92.56011854006744,0.0,0.9,0.1,0.0,0.9074074074074074,0.09259259259259259,17.429910110043153,17.51562532083444,-0.10518414534428544,-0.1908993561355743,-0.6034692358148084,-1.0898803362076022
Ti100.0000,Ti100.0000,54,17.304760876898566,4.5932459961411105,76.32646000446654,0.0,1.0,0.0,0.0,1.0,0.0,17.304760876898566,17.4,0.0,-0.09523912310143245,0.0,-0.5473512821921406
Mo10.0000 Ta90.0000,Ta90.7407 Mo9.2593,54,18.02460653730499,15.94491144747304,189.0366533708156,0.1,0.0,0.9,0.09259259259259259,0.0,0.9074074074074074,18.286561321997915,18.286561321997915,-0.2619547846929251,-0.2619547846929251,-1.4324988721515686,-1.4324988721515686
Mo10.0000 Ti10.0000 Ta80.0000,Ta81.4815 Ti9.2593 Mo9.2593,54,17.904492691780256,14.9090562346021,178.3284689433932,0.1,0.1,0.8,0.09259259259259259,0.09259259259259259,0.8148148148148148,18.161412088853332,18.170936001163472,-0.25691939707307654,-0.2664433093832166,-1.4146443889721672,-1.4663158208589608
Mo10.0000 Ti20.0000 Ta70.0000,Ta70.3704 Ti20.3704 Mo9.2593,54,17.76265453676618,13.645769433231617,166.68086470663783,0.1,0.2,0.7,0.09259259259259259,0.2037037037037037,0.7037037037037037,18.036262855708742,18.055310680329026,-0.27360831894256066,-0.2926561435628443,-1.516990083430502,-1.6208867781028466
Mo10.0000 Ti30.0000 Ta60.0000,Ta61.1111 Ti29.6296 Mo9.2593,54,17.657540590812864,12.568195466996409,158.29297080802198,0.1,0.3,0.6,0.09259259259259259,0.2962962962962963,0.6111111111111112,17.91111362256415,17.939685359494582,-0.2535730317512872,-0.282144768681718,-1.4157301276445464,-1.5727408983368418
Mo10.0000 Ti40.0000 Ta50.0000,Ta50.0000 Ti40.7407 Mo9.2593,54,17.525776361946694,11.261664959812325,148.49246040180165,0.1,0.4,0.5,0.09259259259259259,0.4074074074074074,0.5,17.785964389419565,17.824060038660136,-0.2601880274728714,-0.29828367671344225,-1.4628840009802948,-1.6734889585564072
Mo10.0000 Ti50.0000 Ta40.0000,Ti50.0000 Ta40.7407 Mo9.2593,54,17.457592232478525,10.133571255068102,142.14754203978748,0.1,0.5,0.4,0.09259259259259259,0.5,0.4074074074074074,17.660815156274978,17.708434717825693,-0.2032229237964529,-0.25084248534716735,-1.1506995684978152,-1.4165141603095157
Mo10.0000 Ti60.0000 Ta30.0000,Ti59.2593 Ta31.4815 Mo9.2593,54,17.34176619300053,9.021346866837106,135.94543258370382,0.1,0.6,0.3,0.09259259259259259,0.5925925925925926,0.3148148148148148,17.535665923130388,17.59280939699125,-0.19389973012985706,-0.25104320399071867,-1.1057448914677028,-1.4269648373138886
Mo10.0000 Ti70.0000 Ta20.0000,Ti70.3704 Ta20.3704 Mo9.2593,54,17.25059220884354,7.645655665091612,130.27202069105942,0.1,0.7,0.2,0.09259259259259259,0.7037037037037037,0.2037037037037037,17.4105166899858,17.477184076156803,-0.1599244811422622,-0.22659186731326386,-0.9185510343541253,-1.296501005687702
Mo10.0000 Ti80.0000 Ta10.0000,Ti79.6296 Ta11.1111 Mo9.2593,54,17.15509468136309,6.49547107715399,123.88741330044941,0.1,0.8,0.1,0.09259259259259259,0.7962962962962963,0.1111111111111111,17.28536745684121,17.36155875532236,-0.13027277547812233,-0.20646407395927113,-0.7536592774402543,-1.189202403246065
Mo10.0000 Ti90.0000,Ti90.7407 Mo9.2593,54,17.0458006537077,5.096646560090928,117.00261833742486,0.1,0.9,0.0,0.09259259259259259,0.9074074074074074,0.0,17.160218223696624,17.245933434487913,-0.11441756998892316,-0.20013278078021202,-0.6667605766861602,-1.1604636045967354
Mo20.0000 Ta80.0000,Ta79.6296 Mo20.3704,54,17.69934407132972,15.351779768752001,193.8475908934499,0.2,0.0,0.8,0.2037037037037037,0.0,0.7962962962962963,18.016869435651387,18.016869435651387,-0.3175253643216678,-0.3175253643216678,-1.762378117107046,-1.762378117107046
Mo20.0000 Ti10.0000 Ta70.0000,Ta70.3704 Mo20.3704 Ti9.2593,54,17.573140759946675,14.297658508944023,185.4533687859107,0.2,0.1,0.7,0.2037037037037037,0.09259259259259259,0.7037037037037037,17.891720202506797,17.90124411481694,-0.3185794425601216,-0.3281033548702652,-1.7805970524594146,-1.8328522462787522
Mo20.0000 Ti20.0000 Ta60.0000,Ta59.2593 Mo20.3704 Ti20.3704,54,17.432999402746358,13.004117089380014,174.76751002041445,0.2,0.2,0.6,0.2037037037037037,0.2037037037037037,0.5925925925925926,17.766570969362213,17.785618793982497,-0.33357156661585563,-0.3526193912361393,-1.877523621137063,-1.9826096315268091
Mo20.0000 Ti30.0000 Ta50.0000,Ta50.0000 Ti29.6296 Mo20.3704,54,17.312718080393967,11.912577665483171,165.26267765396565,0.2,0.3,0.5,0.2037037037037037,0.2962962962962963,0.5,17.641421736217623,17.669993473148054,-0.3287036558236558,-0.3572753927540866,-1.8632492365897653,-2.0219327941292957
Mo20.0000 Ti40.0000 Ta40.0000,Ti40.7407 Ta38.8889 Mo20.3704,54,17.166009040130927,10.584003436421643,156.25341310925504,0.2,0.4,0.4,0.2037037037037037,0.4074074074074074,0.3888888888888889,17.516272503073036,17.554368152313607,-0.3502634629421095,-0.3883591121826804,-1.9996461169501654,-2.2123217925761454
Mo20.0000 Ti50.0000 Ta30.0000,Ti50.0000 Ta29.6296 Mo20.3704,54,17.064249915801746,9.448023367379179,148.98600142478148,0.2,0.5,0.3,0.2037037037037037,0.5,0.2962962962962963,17.391123269928446,17.438742831479164,-0.3268733541267004,-0.3744929156774184,-1.87954135597387,-2.1474765658073167
Mo20.0000 Ti60.0000 Ta20.0000,Ti59.2593 Mo20.3704 Ta20.3704,54,16.977098080159035,8.291273606806945,142.60877047593132,0.2,0.6,0.2,0.2037037037037037,0.5925925925925926,0.2037037037037037,17.26597403678386,17.323117510644717,-0.2888759566248247,-0.34601943048568273,-1.6730938898054415,-1.997443186961357
Mo20.0000 Ti70.0000 Ta10.0000,Ti70.3704 Mo20.3704 Ta9.2593,54,16.857110180949594,6.893694347481103,133.863248940968,0.2,0.7,0.1,0.2037037037037037,0.7037037037037037,0.09259259259259259,17.14082480363927,17.20749218981027,-0.2837146226896756,-0.3503820088606773,-1.6551981946016887,-2.0362177416425755
Mo20.0000 Ti80.0000,Ti79.6296 Mo20.3704,54,16.758818724753933,5.713177045632527,127.88602325432075,0.2,0.8,0.0,0.2037037037037037,0.7962962962962963,0.0,17.015675570494682,17.091866868975828,-0.2568568457407494,-0.33304814422189466,-1.5095306952498626,-1.9485767515918608
Mo30.0000 Ta70.0000,Ta70.3704 Mo29.6296,54,17.44586120721093,14.825646042749515,198.53820812216924,0.3,0.0,0.7,0.2962962962962963,0.0,0.7037037037037037,17.747177549304855,17.747177549304855,-0.30131634209392644,-0.30131634209392644,-1.697826830530181,-1.697826830530181
Mo30.0000 Ti10.0000 Ta60.0000,Ta61.1111 Mo29.6296 Ti9.2593,54,17.31194428079908,13.758390888198514,191.11474182342593,0.3,0.1,0.6,0.2962962962962963,0.09259259259259259,0.6111111111111112,17.622028316160268,17.63155222847041,-0.31008403536118934,-0.31960794767133294,-1.7596387305587688,-1.8127045397355799
Mo30.0000 Ti20.0000 Ta50.0000,Ta50.0000 Mo29.6296 Ti20.3704,54,17.15562478009013,12.452504594000974,180.76672291677096,0.3,0.2,0.5,0.2962962962962963,0.2037037037037037,0.5,17.496879083015678,17.515926907635965,-0.3412543029255488,-0.360302127545836,-1.9503724138826926,-2.0569972085734407
Mo30.0000 Ti30.0000 Ta40.0000,Ta40.7407 Ti29.6296 Mo29.6296,54,17.03627546902971,11.33867728419242,172.8506909895788,0.3,0.3,0.4,0.2962962962962963,0.2962962962962963,0.4074074074074074,17.371729849871095,17.400301586801522,-0.3354543808413837,-0.36402611777181093,-1.931036135954376,-2.092067864202607
Mo30.0000 Ti40.0000 Ta30.0000,Ti40.7407 Mo29.6296 Ta29.6296,54,16.886059760120148,9.98544550951031,162.7627682055748,0.3,0.4,0.3,0.2962962962962963,0.4074074074074074,0.2962962962962963,17.246580616726504,17.28467626596708,-0.3605208566063567,-0.3986165058469311,-2.0903903481986883,-2.3061843896480316
Mo30.0000 Ti50.0000 Ta20.0000,Ti50.0000 Mo29.6296 Ta20.3704,54,16.781759261745062,8.828225966966418,154.83686229211833,0.3,0.5,0.2,0.2962962962962963,0.5,0.2037037037037037,17.121431383581918,17.169050945132632,-0.33967212183685547,-0.3872916833875699,-1.9839002605972176,-2.255754756772772
Mo30.0000 Ti60.0000 Ta10.0000,Ti59.2593 Mo29.6296 Ta11.1111,54,16.645524100827057,7.6712211278751345,147.40706159744616,0.3,0.6,0.1,0.2962962962962963,0.5925925925925926,0.1111111111111111,16.996282150437327,17.05342562429819,-0.35075804961027046,-0.40790152347113207,-2.0637339772642287,-2.3919037292421925
Mo30.0000 Ti70.0000,Ti70.3704 Mo29.6296,54,16.504304569648998,6.249127048562191,139.54979842950002,0.3,0.7,0.0,0.2962962962962963,0.7037037037037037,0.0,16.87113291729274,16.937800303463742,-0.36682834764374306,-0.4334957338147447,-2.174295878303156,-2.5593390289652653
Mo40.0000 Ta60.0000,Ta59.2593 Mo40.7407,54,17.147432394214526,14.168992459335596,205.14862657964858,0.4,0.0,0.6,0.4074074074074074,0.0,0.5925925925925926,17.477485662958326,17.477485662958326,-0.33005326874380003,-0.33005326874380003,-1.8884482305330272,-1.8884482305330272
Mo40.0000 Ti10.0000 Ta50.0000,Ta50.0000 Mo40.7407 Ti9.2593,54,17.008624735822238,13.081608714835271,197.87125350357624,0.4,0.1,0.5,0.4074074074074074,0.09259259259259259,0.5,17.35233642981374,17.361860342123883,-0.3437116939915015,-0.3532356063016451,-1.9807804867185306,-2.034549289885796
Mo40.0000 Ti20.0000 Ta40.0000,Mo40.7407 Ta38.8889 Ti20.3704,54,16.836220950672022,11.757161781645344,188.4336584834733,0.4,0.2,0.4,0.4074074074074074,0.2037037037037037,0.3888888888888889,17.227187196669153,17.246235021289436,-0.3909662459971308,-0.41001407061741446,-2.2694723261190513,-2.3774120560880494
Mo40.0000 Ti30.0000 Ta30.0000,Mo40.7407 Ta29.6296 Ti29.6296,54,16.68664174696698,10.636322723338886,180.64032366542966,0.4,0.3,0.3,0.4074074074074074,0.2962962962962963,0.2962962962962963,17.102037963524563,17.130609700454993,-0.41539621655758197,-0.44396795348801277,-2.4289281630852657,-2.5916646357089137
Mo40.0000 Ti40.0000 Ta20.0000,Mo40.7407 Ti40.7407 Ta18.5185,54,16.525352564601796,9.254296156691295,171.23342364644935,0.4,0.4,0.2,0.4074074074074074,0.4074074074074074,0.18518518518518517,16.976888730379976,17.014984379620547,-0.45153616577817957,-0.4896318150187504,-2.6597109337835265,-2.8776506877385084
Mo40.0000 Ti50.0000 Ta10.0000,Ti50.0000 Mo40.7407 Ta9.2593,54,16.39944300337457,8.077642635802135,161.57113999774978,0.4,0.5,0.1,0.4074074074074074,0.5,0.09259259259259259,16.851739497235386,16.899359058786104,-0.45229649386081405,-0.49991605541153206,-2.6839751109077827,-2.958195359199862
Mo40.0000 Ti60.0000,Ti59.2593 Mo40.7407,54,16.27749649423356,6.881105661920882,154.2246892977375,0.4,0.6,0.0,0.4074074074074074,0.5925925925925926,0.0,16.7265902640908,16.783733737951657,-0.4490937698572388,-0.5062372437180969,-2.6849092538684842,-3.0162373380208294
Mo50.0000 Ta50.0000,Mo50.0000 Ta50.0000,54,16.926757079713788,13.581548440884434,211.55144583041505,0.5,0.0,0.5,0.5,0.0,0.5,17.207793776611794,17.207793776611794,-0.28103669689800626,-0.28103669689800626,-1.6331942406235778,-1.6331942406235778
Mo50.0000 Ti10.0000 Ta40.0000,Mo50.0000 Ta40.7407 Ti9.2593,54,16.764039672923154,12.492806542589163,204.1735909738082,0.5,0.1,0.4,0.5,0.09259259259259259,0.4074074074074074,17.082644543467207,17.09216845577735,-0.3186048705440534,-0.328128782854197,-1.8650793191496522,-1.9197609928966366
Mo50.0000 Ti20.0000 Ta30.0000,Mo50.0000 Ta29.6296 Ti20.3704,54,16.568440512787127,11.15831657786494,194.77062624602345,0.5,0.2,0.3,0.5,0.2037037037037037,0.2962962962962963,16.95749531032262,16.976543134942908,-0.38905479753549344,-0.40810262215578064,-2.2942940004745993,-2.4039206269018387
Mo50.0000 Ti30.0000 Ta20.0000,Mo50.0000 Ti29.6296 Ta20.3704,54,16.42867438641564,10.007760447188181,186.03623619231595,0.5,0.3,0.2,0.5,0.2962962962962963,0.2037037037037037,16.83234607717803,16.86091781410846,-0.4036716907623905,-0.4322434276928213,-2.3981902992697184,-2.5635818432798443
Mo50.0000 Ti40.0000 Ta10.0000,Mo50.0000 Ti40.7407 Ta9.2593,54,16.25129228511364,8.606099453967754,175.77252261071993,0.5,0.4,0.1,0.5,0.4074074074074074,0.09259259259259259,16.707196844033444,16.745292493274018,-0.45590455891980497,-0.4940002081603794,-2.7287914494322836,-2.950084080996504
Mo50.0000 Ti50.0000,Mo50.0000 Ti50.0000,54,16.102227871339178,7.4150342360146455,168.21233833991923,0.5,0.5,0.0,0.5,0.5,0.0,16.582047610888857,16.62966717243957,-0.47981973954967927,-0.5274393011003937,-2.8936097085778374,-3.171676832922558
Mo60.0000 Ta40.0000,Mo59.2593 Ta40.7407,54,16.719837272796664,12.967907439662135,217.9748313158254,0.6,0.0,0.4,0.5925925925925926,0.0,0.4074074074074074,16.938101890265266,16.938101890265266,-0.21826461746860204,-0.21826461746860204,-1.2886013963231853,-1.2886013963231853
Mo60.0000 Ti10.0000 Ta30.0000,Mo59.2593 Ta31.4815 Ti9.2593,54,16.54465810669437,11.868461359216042,210.35677192610908,0.6,0.1,0.3,0.5925925925925926,0.09259259259259259,0.3148148148148148,16.81295265712068,16.822476569430822,-0.2682945504263081,-0.2778184627364517,-1.5957610533845112,-1.6514718364434704
Mo60.0000 Ti20.0000 Ta20.0000,Mo59.2593 Ta20.3704 Ti20.3704,54,16.33314635874693,10.5188327836062,201.1791167210838,0.6,0.2,0.2,0.5925925925925926,0.2037037037037037,0.2037037037037037,16.68780342397609,16.706851248596376,-0.3546570652291585,-0.3737048898494457,-2.1252471413919425,-2.236836159541688
Mo60.0000 Ti30.0000 Ta10.0000,Mo59.2593 Ti29.6296 Ta11.1111,54,16.176351841419464,9.355877650436137,192.19457220255242,0.6,0.3,0.1,0.5925925925925926,0.2962962962962963,0.1111111111111111,16.562654190831502,16.591225927761933,-0.38630234941203767,-0.4148740863424685,-2.3323698301077913,-2.500563178084772
Mo60.0000 Ti40.0000,Mo59.2593 Ti40.7407,54,15.976157064432217,7.93619943046777,182.04187727357265,0.6,0.4,0.0,0.5925925925925926,0.4074074074074074,0.0,16.43750495768691,16.475600606927486,-0.46134789325469505,-0.49944354249526945,-2.806678351990082,-3.031413266265199
Mo70.0000 Ta30.0000,Mo70.3704 Ta29.6296,54,16.475424242911167,12.208303489843747,226.65404532119106,0.7,0.0,0.3,0.7037037037037037,0.0,0.2962962962962963,16.668410003918734,16.668410003918734,-0.19298576100756648,-0.19298576100756648,-1.1577934605771976,-1.1577934605771976
Mo70.0000 Ti10.0000 Ta20.0000,Mo70.3704 Ta20.3704 Ti9.2593,54,16.287598006532367,11.092815066397684,218.94740582165315,0.7,0.1,0.2,0.7037037037037037,0.09259259259259259,0.2037037037037037,16.543260770774147,16.55278468308429,-0.25566276424178014,-0.26518667655192374,-1.545419417515573,-1.6020668523703128
Mo70.0000 Ti20.0000 Ta10.0000,Mo70.3704 Ti20.3704 Ta9.2593,54,16.066811126571217,9.717006770632986,208.7178074016623,0.7,0.2,0.1,0.7037037037037037,0.2037037037037037,0.09259259259259259,16.418111537629557,16.437159362249844,-0.35130041105833953,-0.37034823567862674,-2.139712659724446,-2.253115806184744
Mo70.0000 Ti30.0000,Mo70.3704 Ti29.6296,54,15.871324621864296,8.547468406851937,199.14828235080122,0.7,0.3,0.0,0.7037037037037037,0.2962962962962963,0.0,16.29296230448497,16.3215340414154,-0.42163768262067336,-0.45020941955110416,-2.587851581198399,-2.7583768683060756
Mo80.0000 Ta20.0000,Mo79.6296 Ta20.3704,54,16.276339201100864,11.554607451489609,233.48908962654065,0.8,0.0,0.2,0.7962962962962963,0.0,0.2037037037037037,16.398718117572205,16.398718117572205,-0.12237891647134091,-0.12237891647134091,-0.7462712365316201,-0.7462712365316201
Mo80.0000 Ti10.0000 Ta10.0000,Mo79.6296 Ta11.1111 Ti9.2593,54,16.070201538460722,10.429554545149085,225.17952101502823,0.8,0.1,0.1,0.7962962962962963,0.09259259259259259,0.1111111111111111,16.27356888442762,16.283092796737762,-0.2033673459668961,-0.2128912582770397,-1.2496788345026202,-1.3074374809169633
Mo80.0000 Ti20.0000,Mo79.6296 Ti20.3704,54,15.839067319687608,9.031532005434967,214.96906045213635,0.8,0.2,0.0,0.7962962962962963,0.2037037037037037,0.0,16.148419651283028,16.167467475903315,-0.3093523315954201,-0.3284001562157073,-1.9156817711932657,-2.0312405557961934
Mo90.0000 Ta10.0000,Mo90.7407 Ta9.2593,54,16.04324805503996,10.744855826336698,238.86287084981666,0.9,0.0,0.1,0.9074074074074074,0.0,0.09259259259259259,16.129026231225673,16.129026231225673,-0.0857781761857126,-0.0857781761857126,-0.5318248910752386,-0.5318248910752386
Mo90.0000 Ti10.0000,Mo90.7407 Ti9.2593,54,15.831877151871637,9.595875407642575,232.68340850151,0.9,0.1,0.0,0.9074074074074074,0.09259259259259259,0.0,16.003876998081086,16.01340091039123,-0.17199984620944875,-0.18152375851959235,-1.0747386163369792,-1.1335740579741562
Mo100.0000,Mo100.0000,54,15.859334344879144,10.045321878444756,244.06056082541255,1.0,0.0,0.0,1.0,0.0,0.0,15.859334344879144,15.859334344879144,0.0,0.0,0.0,0.0
