requested_composition,realized_composition,n_atoms,volume_per_atom_A3,density_g_cm3,bulk_modulus_GPa,x_Nb_requested,x_Ti_requested,x_W_requested,x_Nb_realized,x_Ti_realized,x_W_realized,V_vegard_mlip_A3,V_vegard_lit_A3,delta_V_mlip_A3,delta_V_lit_A3,delta_V_mlip_percent,delta_V_lit_percent
W100.0000,W100.0000,54,16.144260595545557,18.909103989220938,292.05914203023775,0.0,0.0,1.0,1.0,0.0,0.0,16.144260595545557,16.144260595545557,0.0,0.0,0.0,0.0
Ti10.0000 W90.0000,W90.7407 Ti9.2593,54,16.110534460325887,17.651007326865567,275.07059623830935,0.0,0.1,0.9,1.0,0.0,0.0,16.26031062368086,16.269834535991002,-0.14977616335497146,-0.15930007566511506,-0.9211150193947926,-0.9791130654262185
Ti20.0000 W80.0000,W79.6296 Ti20.3704,54,16.119025972701778,16.085311449987653,249.02692108694234,0.0,0.2,0.8,1.0,0.0,0.0,16.37636065181616,16.395408476436447,-0.2573346791143827,-0.2763825037346699,-1.5713789198080705,-1.685731124856621
Ti30.0000 W70.0000,W70.3704 Ti29.6296,54,16.145989484693384,14.763617468970168,227.42167822872216,0.0,0.3,0.7,1.0,0.0,0.0,16.49241067995146,16.52098241688189,-0.346421195258074,-0.3749929321885048,-2.1004885336695582,-2.2697980224548875
Ti40.0000 W60.0000,W59.2593 Ti40.7407,54,16.220270438921336,13.14932475728976,203.36910038946655,0.0,0.4,0.6,1.0,0.0,0.0,16.60846070808676,16.646556357327334,-0.388190269165424,-0.4262859184059984,-2.337304317289391,-2.5608054257922217
Ti50.0000 W50.0000,Ti50.0000 W50.0000,54,16.327572248581234,11.782478135280634,183.17581244763406,0.0,0.5,0.5,1.0,0.0,0.0,16.72451073622206,16.772130297772776,-0.39693848764082773,-0.4445580491915422,-2.373393720757018,-2.6505759334017127
Ti60.0000 W40.0000,Ti59.2593 W40.7407,54,16.445735970212873,10.426588551608821,164.34244711304342,0.0,0.6,0.4,1.0,0.0,0.0,16.840560764357363,16.897704238218225,-0.39482479414449045,-0.45196826800535206,-2.34448721553339,-2.674731795714101
Ti70.0000 W30.0000,Ti70.3704 W29.6296,54,16.636349432427505,8.799124725457196,144.3449560051593,0.0,0.7,0.3,1.0,0.0,0.0,16.95661079249266,17.023278178663666,-0.3202613600651567,-0.3869287462361619,-1.8887109221552023,-2.2729391024175576
Ti80.0000 W20.0000,Ti79.6296 W20.3704,54,16.84213727133515,7.450299862741294,131.5618461450832,0.0,0.8,0.2,1.0,0.0,0.0,17.072660820627966,17.14885211910911,-0.2305235492928155,-0.30671484777396074,-1.3502496869983291,-1.7885444789169636
Ti90.0000 W10.0000,Ti90.7407 W9.2593,54,17.08186918515889,5.877071364680407,118.56850987063478,0.0,0.9,0.1,1.0,0.0,0.0,17.188710848763264,17.274426059554553,-0.1068416636043743,-0.19255687439566316,-0.6215804346494176,-1.1146933260289664
Ti100.0000,Ti100.0000,54,17.304760876898566,4.5932459961411105,76.32646000446654,0.0,1.0,0.0,1.0,0.0,0.0,17.304760876898566,17.4,0.0,-0.09523912310143245,0.0,-0.5473512821921406
Nb10.0000 W90.0000,W90.7407 Nb9.2593,54,16.309407200559637,17.86037504744873,278.31533126691454,0.1,0.0,0.9,1.0,0.0,0.0,16.342651989015327,16.342651989015327,-0.0332447884556899,-0.0332447884556899,-0.20342346198178424,-0.20342346198178424
Nb10.0000 Ti10.0000 W80.0000,W81.4815 Nb9.2593 Ti9.2593,54,16.287465790327193,16.600850755604515,260.1492559820596,0.1,0.1,0.8,1.0,0.0,0.0,16.458702017150628,16.468225929460772,-0.1712362268234351,-0.1807601391335787,-1.0403993379611591,-1.0976297016317254
Nb10.0000 Ti20.0000 W70.0000,W70.3704 Ti20.3704 Nb9.2593,54,16.30560761127186,15.043792654809126,234.25100535666115,0.1,0.2,0.7,1.0,0.0,0.0,16.574752045285926,16.593799869906213,-0.2691444340140663,-0.2881922586343535,-1.6238217819410121,-1.7367466215921183
Nb10.0000 Ti30.0000 W60.0000,W61.1111 Ti29.6296 Nb9.2593,54,16.349952090269156,13.724311737701077,214.78443725493867,0.1,0.3,0.6,1.0,0.0,0.0,16.690802073421228,16.71937381035166,-0.34084998315207216,-0.36942172008250296,-2.04214262234197,-2.2095427991075756
Nb10.0000 Ti40.0000 W50.0000,W50.0000 Ti40.7407 Nb9.2593,54,16.43995998782839,12.123157889271328,189.96612332401472,0.1,0.4,0.5,1.0,0.0,0.0,16.80685210155653,16.844947750797104,-0.366892113728138,-0.4049877629687124,-2.182991267556636,-2.4042090777607092
Nb10.0000 Ti50.0000 W40.0000,Ti50.0000 W40.7407 Nb9.2593,54,16.576768067388038,10.761922304106665,171.34077804984787,0.1,0.5,0.4,1.0,0.0,0.0,16.92290212969183,16.970521691242546,-0.3461340623037934,-0.39375362385450785,-2.045358766783204,-2.320221092894865
Nb10.0000 Ti60.0000 W30.0000,Ti59.2593 W31.4815 Nb9.2593,54,16.689753397221132,9.436421594421446,152.75717283716932,0.1,0.6,0.3,1.0,0.0,0.0,17.038952157827133,17.09609563168799,-0.34919876060600075,-0.4063422344668588,-2.049414526031111,-2.3768130643449052
Nb10.0000 Ti70.0000 W20.0000,Ti70.3704 W20.3704 Nb9.2593,54,16.93945009229157,7.8163068980482,135.73123765422935,0.1,0.7,0.2,1.0,0.0,0.0,17.15500218596243,17.221669572133436,-0.21555209367086192,-0.2822194798418671,-1.2564970341259623,-1.6387463402417697
Nb10.0000 Ti80.0000 W10.0000,Ti79.6296 W11.1111 Nb9.2593,54,17.12310279946975,6.5115301402999375,123.09110182792303,0.1,0.8,0.1,1.0,0.0,0.0,17.271052214097733,17.34724351257888,-0.14794941462798405,-0.22414071310913286,-0.8566323162824921,-1.2920825890672678
Nb10.0000 Ti90.0000,Ti90.7407 Nb9.2593,54,17.219182199202233,5.018240135737722,117.11801689350925,0.1,0.9,0.0,1.0,0.0,0.0,17.387102242233034,17.472817453024323,-0.16792004303080077,-0.2536352538220896,-0.9657735986789407,-1.4515990595334045
Nb20.0000 W80.0000,W79.6296 Nb20.3704,54,16.507715973181824,16.629464804064465,262.98660173939885,0.2,0.0,0.8,1.0,0.0,0.0,16.541043382485096,16.541043382485096,-0.03332740930327205,-0.03332740930327205,-0.20148311404927227,-0.20148311404927227
Nb20.0000 Ti10.0000 W70.0000,W70.3704 Nb20.3704 Ti9.2593,54,16.511109202299906,15.359848816509155,242.67919829041176,0.2,0.1,0.7,1.0,0.0,0.0,16.657093410620394,16.666617322930538,-0.1459842083204883,-0.1555081206306319,-0.8764086549902533,-0.9330514861985713
Nb20.0000 Ti20.0000 W60.0000,W59.2593 Nb20.3704 Ti20.3704,54,16.546027239106415,13.811202476598657,218.34875419927718,0.2,0.2,0.6,1.0,0.0,0.0,16.773143438755696,16.792191263375983,-0.22711619964928076,-0.24616402426956796,-1.3540467264145046,-1.465943428160298
Nb20.0000 Ti30.0000 W50.0000,W50.0000 Ti29.6296 Nb20.3704,54,16.610181818112075,12.499212472491324,199.78136042641987,0.2,0.3,0.5,1.0,0.0,0.0,16.889193466890998,16.917765203821425,-0.2790116487789227,-0.30758338570934995,-1.6520128644738878,-1.818108845959585
Nb20.0000 Ti40.0000 W40.0000,Ti40.7407 W38.8889 Nb20.3704,54,16.71870257424841,10.917508830790126,175.933489694709,0.2,0.4,0.4,1.0,0.0,0.0,17.0052434950263,17.043339144266874,-0.2865409207778882,-0.3246365700184626,-1.6850151005582237,-1.904770932917013
Nb20.0000 Ti50.0000 W30.0000,Ti50.0000 W29.6296 Nb20.3704,54,16.880702565144592,9.574260415920431,157.68500493800167,0.2,0.5,0.3,1.0,0.0,0.0,17.121293523161597,17.168913084712315,-0.24059095801700536,-0.28821051956772337,-1.405214843677174,-1.6786765600459248
Nb20.0000 Ti60.0000 W20.0000,Ti59.2593 Nb20.3704 W20.3704,54,17.04027595719343,8.257724351680393,142.30845836208547,0.2,0.6,0.2,1.0,0.0,0.0,17.237343551296902,17.29448702515776,-0.19706759410347274,-0.2542110679643308,-1.143259653188532,-1.4698965490825935
Nb20.0000 Ti70.0000 W10.0000,Ti70.3704 Nb20.3704 W9.2593,54,17.249449141148403,6.703187564271849,127.31525692641374,0.2,0.7,0.1,1.0,0.0,0.0,17.3533935794322,17.420060965603202,-0.10394443828379707,-0.17061182445479872,-0.5989862317592759,-0.9793985497047367
Nb20.0000 Ti80.0000,Ti79.6296 Nb20.3704,54,17.403708997301866,5.44251529124338,119.91456945680991,0.2,0.8,0.0,1.0,0.0,0.0,17.469443607567502,17.545634906048647,-0.0657346102656362,-0.14192590874678146,-0.3762833650704305,-0.8088958279751632
Nb30.0000 W70.0000,W70.3704 Nb29.6296,54,16.681002857410093,15.6185518923455,249.23719268151535,0.3,0.0,0.7,1.0,0.0,0.0,16.739434775954862,16.739434775954862,-0.0584319185447697,-0.0584319185447697,-0.3490674525564235,-0.3490674525564235
Nb30.0000 Ti10.0000 W60.0000,W61.1111 Nb29.6296 Ti9.2593,54,16.68745436960606,14.359695781397951,229.73003562489265,0.3,0.1,0.6,1.0,0.0,0.0,16.855484804090164,16.865008716400308,-0.16803043448410548,-0.17755434679424908,-0.9968887661025988,-1.0527972429779244
Nb30.0000 Ti20.0000 W50.0000,W50.0000 Nb29.6296 Ti20.3704,54,16.75029636571405,12.80808140177482,206.55362471727213,0.3,0.2,0.5,1.0,0.0,0.0,16.971534832225466,16.990582656845753,-0.22123846651141577,-0.24028629113170297,-1.3035854959407047,-1.4142322013594286
Nb30.0000 Ti30.0000 W40.0000,W40.7407 Nb29.6296 Ti29.6296,54,16.831720877617823,11.50404169202233,187.02418758337518,0.3,0.3,0.4,1.0,0.0,0.0,17.087584860360767,17.116156597291198,-0.25586398274294453,-0.28443571967337533,-1.4973677370667495,-1.6617966659547279
Nb30.0000 Ti40.0000 W30.0000,Ti40.7407 Nb29.6296 W29.6296,54,16.97727829335796,9.927693182302017,163.731309561004,0.3,0.4,0.3,1.0,0.0,0.0,17.20363488849607,17.24173053773664,-0.22635659513811035,-0.2644522443786812,-1.3157486577994815,-1.5337917722346939
Nb30.0000 Ti50.0000 W20.0000,Ti50.0000 Nb29.6296 W20.3704,54,17.131547711525993,8.617952786388537,147.8829491956087,0.3,0.5,0.2,1.0,0.0,0.0,17.319684916631367,17.367304478182085,-0.1881372051053738,-0.2357567666560918,-1.0862622848566577,-1.3574747132018354
Nb30.0000 Ti60.0000 W10.0000,Ti59.2593 Nb29.6296 W11.1111,54,17.273690729470903,7.336737162264518,133.1130589204881,0.3,0.6,0.1,1.0,0.0,0.0,17.43573494476667,17.49287841862753,-0.16204421529576507,-0.21918768915662667,-0.9293798959957383,-1.253010990593873
Nb30.0000 Ti70.0000,Ti70.3704 Nb29.6296,54,17.477814614292967,5.815653855469206,120.29163496792144,0.3,0.7,0.0,1.0,0.0,0.0,17.55178497290197,17.618452359072972,-0.07397035860900303,-0.14063774478000468,-0.421440661010861,-0.7982411957289794
Nb40.0000 W60.0000,W59.2593 Nb40.7407,54,16.88563531810421,14.435670113723267,234.2470594577365,0.4,0.0,0.6,1.0,0.0,0.0,16.937826169424632,16.937826169424632,-0.05219085132042167,-0.05219085132042167,-0.30813193380526094,-0.30813193380526094
Nb40.0000 Ti10.0000 W50.0000,W50.0000 Nb40.7407 Ti9.2593,54,16.902900554610014,13.184075701178278,214.33238170348653,0.4,0.1,0.5,1.0,0.0,0.0,17.053876197559934,17.063400109870077,-0.15097564294991983,-0.16049955526006343,-0.8852863783045488,-0.9406071136269306
Nb40.0000 Ti20.0000 W40.0000,Nb40.7407 W38.8889 Ti20.3704,54,16.989412833416587,11.640279370626867,192.08659301416202,0.4,0.2,0.4,1.0,0.0,0.0,17.169926225695235,17.188974050315522,-0.18051339227864815,-0.19956121689893536,-1.0513346994380512,-1.1609838743998349
Nb40.0000 Ti30.0000 W30.0000,Nb40.7407 W29.6296 Ti29.6296,54,17.103771532933163,10.3401270738462,173.0830930405928,0.4,0.3,0.3,1.0,0.0,0.0,17.285976253830533,17.314547990760964,-0.18220472089737072,-0.21077645782780152,-1.0540609232700673,-1.2173373393303235
Nb40.0000 Ti40.0000 W20.0000,Nb40.7407 Ti40.7407 W18.5185,54,17.264589131471897,8.79068486248064,151.43568370871725,0.4,0.4,0.2,1.0,0.0,0.0,17.40202628196584,17.440121931206413,-0.13743715049394112,-0.17553279973451552,-0.7897767091431802,-1.0064883744902413
Nb40.0000 Ti50.0000 W10.0000,Ti50.0000 Nb40.7407 W9.2593,54,17.41289880681036,7.5151887779004545,136.6825596220334,0.4,0.5,0.1,1.0,0.0,0.0,17.518076310101137,17.565695871651855,-0.10517750329077558,-0.15279706484149358,-0.6003941381972914,-0.869860584846416
Nb40.0000 Ti60.0000,Ti59.2593 Nb40.7407,54,17.548877735627546,6.265636055410423,125.06824759407621,0.4,0.6,0.0,1.0,0.0,0.0,17.634126338236438,17.691269812097296,-0.08524860260889255,-0.1423920764697506,-0.4834296918018913,-0.8048719960869223
Nb50.0000 W50.0000,Nb50.0000 W50.0000,54,17.05676234132321,13.471143203386223,221.43911602297626,0.5,0.0,0.5,1.0,0.0,0.0,17.1362175628944,17.1362175628944,-0.079455221571191,-0.079455221571191,-0.4636683753551188,-0.4636683753551188
Nb50.0000 Ti10.0000 W40.0000,Nb50.0000 W40.7407 Ti9.2593,54,17.09498372370329,12.21807232054638,202.52777568840338,0.5,0.1,0.4,1.0,0.0,0.0,17.252267591029703,17.261791503339847,-0.15728386732641297,-0.16680777963655657,-0.9116706919627918,-0.96634106375507
Nb50.0000 Ti20.0000 W30.0000,Nb50.0000 W29.6296 Ti20.3704,54,17.210207455771346,10.678554524661235,179.66662196909567,0.5,0.2,0.3,1.0,0.0,0.0,17.368317619165005,17.387365443785292,-0.15811016339365835,-0.17715798801394556,-0.9103366650733764,-1.0188891962195834
Nb50.0000 Ti30.0000 W20.0000,Nb50.0000 Ti29.6296 W20.3704,54,17.336799636679068,9.394686532644526,161.58606966530874,0.5,0.3,0.2,1.0,0.0,0.0,17.484367647300303,17.512939384230734,-0.14756801062123515,-0.17613974755166595,-0.8439997007499472,-1.0057691840712266
Nb50.0000 Ti40.0000 W10.0000,Nb50.0000 Ti40.7407 W9.2593,54,17.503088433350772,7.872107247412414,141.56764790035587,0.5,0.4,0.1,1.0,0.0,0.0,17.600417675435605,17.63851332467618,-0.0973292420848324,-0.1354248913254068,-0.5529939338921032,-0.7677795108499771
Nb50.0000 Ti50.0000,Nb50.0000 Ti50.0000,54,17.605445476458858,6.638846420174184,127.61057843963677,0.5,0.5,0.0,1.0,0.0,0.0,17.716467703570906,17.764087265121624,-0.11102222711204845,-0.15864178866276646,-0.626661188729348,-0.8930477895942733
Nb60.0000 W40.0000,Nb59.2593 W40.7407,54,17.234630307588848,12.520878673235854,209.24287290326035,0.6,0.0,0.4,1.0,0.0,0.0,17.33460895636417,17.33460895636417,-0.09997864877532336,-0.09997864877532336,-0.5767574511025675,-0.5767574511025675
Nb60.0000 Ti10.0000 W30.0000,Nb59.2593 W31.4815 Ti9.2593,54,17.304479044321845,11.26219251841746,191.13500474253684,0.6,0.1,0.3,1.0,0.0,0.0,17.45065898449947,17.460182896809613,-0.1461799401776247,-0.1557038524877683,-0.8376757594510837,-0.8917653005583296
Nb60.0000 Ti20.0000 W20.0000,Nb59.2593 W20.3704 Ti20.3704,54,17.437316395622346,9.737666153326039,168.548543938702,0.6,0.2,0.2,1.0,0.0,0.0,17.566709012634774,17.58575683725506,-0.129392617012428,-0.1484404416327152,-0.7365785869132514,-0.8440947012200646
Nb60.0000 Ti30.0000 W10.0000,Nb59.2593 Ti29.6296 W11.1111,54,17.562373558840672,8.477921537218304,151.42798500971406,0.6,0.3,0.1,1.0,0.0,0.0,17.682759040770076,17.711330777700503,-0.12038548192940368,-0.14895721885983093,-0.6808071164224887,-0.8410278184594457
Nb60.0000 Ti40.0000,Nb59.2593 Ti40.7407,54,17.708165399539944,6.991397103440241,132.40397673098306,0.6,0.4,0.0,1.0,0.0,0.0,17.798809068905374,17.83690471814595,-0.09064366936543067,-0.12873931860600507,-0.509268170777705,-0.7217581785646654
Nb70.0000 W30.0000,Nb70.3704 W29.6296,54,17.463725434976297,11.395911380327277,195.09808233495284,0.7,0.0,0.3,1.0,0.0,0.0,17.53300034983394,17.53300034983394,-0.06927491485764392,-0.06927491485764392,-0.3951115808783979,-0.3951115808783979
Nb70.0000 Ti10.0000 W20.0000,Nb70.3704 W20.3704 Ti9.2593,54,17.561501690502165,10.141998670441952,177.44714366682496,0.7,0.1,0.2,1.0,0.0,0.0,17.64905037796924,17.658574290279383,-0.08754868746707345,-0.09707259977721705,-0.4960532470141156,-0.549719349826861
Nb70.0000 Ti20.0000 W10.0000,Nb70.3704 Ti20.3704 W9.2593,54,17.707146031254645,8.641771958527775,155.86652826706631,0.7,0.2,0.1,1.0,0.0,0.0,17.76510040610454,17.784148230724828,-0.05795437484989563,-0.07700219947018283,-0.3262259909883821,-0.4329822180471359
Nb70.0000 Ti30.0000,Nb70.3704 Ti29.6296,54,17.823276080037456,7.412485606678367,139.00679157248288,0.7,0.3,0.0,1.0,0.0,0.0,17.881150434239842,17.909722171170273,-0.05787435420238651,-0.08644609113281732,-0.3236612454843253,-0.48267689641758793
Nb80.0000 W20.0000,Nb79.6296 W20.3704,54,17.663070100618555,10.475737985899789,184.1467951772422,0.8,0.0,0.2,1.0,0.0,0.0,17.73139174330371,17.73139174330371,-0.06832164268515584,-0.06832164268515584,-0.38531460854423694,-0.38531460854423694
Nb80.0000 Ti10.0000 W10.0000,Nb79.6296 W11.1111 Ti9.2593,54,17.776468350151855,9.232843697434328,166.40788266489886,0.8,0.1,0.1,1.0,0.0,0.0,17.847441771439012,17.856965683749152,-0.07097342128715667,-0.08049733359729672,-0.39766719620699,-0.45078954074797734
Nb80.0000 Ti20.0000,Nb79.6296 Ti20.3704,54,17.912401403189687,7.762205741269117,145.25576749712346,0.8,0.2,0.0,1.0,0.0,0.0,17.96349179957431,17.982539624194597,-0.051090396384623205,-0.0701382210049104,-0.2844123901670048,-0.39003512557560543
Nb90.0000 W10.0000,Nb90.7407 W9.2593,54,17.910312153596887,9.394367073319488,170.65779104877336,0.9,0.0,0.1,1.0,0.0,0.0,17.92978313677348,17.92978313677348,-0.019470983176592682,-0.019470983176592682,-0.10859575393669009,-0.10859575393669009
Nb90.0000 Ti10.0000,Nb90.7407 Ti9.2593,54,18.027132206887106,8.17377408931469,152.80501078105988,0.9,0.1,0.0,1.0,0.0,0.0,18.045833164908778,18.055357077218922,-0.01870095802167171,-0.02822487033181531,-0.10363033865367248,-0.15632407717611754
Nb100.0000,Nb100.0000,54,18.128174530243246,8.510215603041065,161.1697976778601,1.0,0.0,0.0,1.0,0.0,0.0,18.128174530243246,18.128174530243246,0.0,0.0,0.0,0.0
