requested_composition,realized_composition,n_atoms,volume_per_atom_A3,density_g_cm3,bulk_modulus_GPa,x_Nb_requested,x_Ta_requested,x_Ti_requested,x_Mo_requested,x_Nb_realized,x_Ta_realized,x_Ti_realized,x_Mo_realized,V_vegard_mlip_A3,V_vegard_lit_A3,delta_V_mlip_A3,delta_V_lit_A3,delta_V_mlip_percent,delta_V_lit_percent
Mo100.0000,Mo100.0000,54,15.859334242225604,10.045321943465636,244.06055200604044,0.0,0.0,0.0,1.0,0.0,0.0,0.0,1.0,15.859334242225604,15.859334242225604,0.0,0.0,0.0,0.0
Ti10.0000 Mo90.0000,Mo90.7407 Ti9.2593,54,15.831877100420783,9.595875438827504,232.68340496308167,0.0,0.0,0.1,0.9,0.0,0.0,0.09259259259259259,0.9074074074074074,16.0038769056929,16.013400818003042,-0.17199980527211522,-0.18152371758225883,-1.0747383667449446,-1.1335738088700125
Ti20.0000 Mo80.0000,Mo79.6296 Ti20.3704,54,15.839067329735071,9.031531999705846,214.9690616292142,0.0,0.0,0.2,0.8,0.0,0.0,0.2037037037037037,0.7962962962962963,16.148419569160197,16.167467393780484,-0.3093522394251256,-0.3284000640454128,-1.9156812101657172,-2.031239996016606
Ti30.0000 Mo70.0000,Mo70.3704 Ti29.6296,54,15.871324599707895,8.547468418784222,199.1482811483908,0.0,0.0,0.3,0.7,0.0,0.0,0.2962962962962963,0.7037037037037037,16.29296223262749,16.321533969557922,-0.42163763291959633,-0.45020936985002713,-2.587851287565409,-2.758376575937864
Ti40.0000 Mo60.0000,Mo59.2593 Ti40.7407,54,15.976157086651448,7.936199419430309,182.04187806757565,0.0,0.0,0.4,0.6,0.0,0.0,0.4074074074074074,0.5925925925925926,16.437504896094786,16.47560054533536,-0.461347809443339,-0.4994434586839134,-2.806677852628021,-3.0314127688979315
Ti50.0000 Mo50.0000,Mo50.0000 Ti50.0000,54,16.10222788065604,7.415034231724254,168.2123387559607,0.0,0.0,0.5,0.5,0.0,0.0,0.5,0.5,16.582047559562085,16.629667121112803,-0.4798196789060434,-0.5274392404567614,-2.8936093518158676,-3.171676478040451
Ti60.0000 Mo40.0000,Ti59.2593 Mo40.7407,54,16.277496496806787,6.88110566083308,154.22468941885117,0.0,0.0,0.6,0.4,0.0,0.0,0.5925925925925926,0.4074074074074074,16.726590223029383,16.78373369689024,-0.44909372622259625,-0.5062372000834543,-2.684908999589637,-3.016237085418318
Ti70.0000 Mo30.0000,Ti70.3704 Mo29.6296,54,16.504304569567235,6.24912704859315,139.54979837712807,0.0,0.0,0.7,0.3,0.0,0.0,0.7037037037037037,0.2962962962962963,16.871132886496678,16.93780027266768,-0.3668283169294426,-0.4334957031004443,-2.174295700219662,-2.55933885228279
Ti80.0000 Mo20.0000,Ti79.6296 Mo20.3704,54,16.758818734419133,5.713177042337606,127.88602356518983,0.0,0.0,0.8,0.2,0.0,0.0,0.7962962962962963,0.2037037037037037,17.015675549963973,17.09186684844512,-0.25685681554483963,-0.33304811402598844,-1.5095305196118616,-1.9485765772642116
Ti90.0000 Mo10.0000,Ti90.7407 Mo9.2593,54,17.0458006535256,5.096646560145376,117.00261856625771,0.0,0.0,0.9,0.1,0.0,0.0,0.9074074074074074,0.09259259259259259,17.16021821343127,17.24593342422256,-0.1144175599056716,-0.20013277069696045,-0.6667605183255606,-1.1604635468200664
Ti100.0000,Ti100.0000,54,17.304760876898566,4.5932459961411105,76.32646000446654,0.0,0.0,1.0,0.0,0.0,0.0,1.0,0.0,17.304760876898566,17.4,0.0,-0.09523912310143245,0.0,-0.5473512821921406
Ta10.0000 Mo90.0000,Mo90.7407 Ta9.2593,54,16.043248090721736,10.744855802439071,238.86287620916562,0.0,0.1,0.0,0.9,0.0,0.09259259259259259,0.0,0.9074074074074074,16.12902609162605,16.12902609162605,-0.08577800090431253,-0.08577800090431253,-0.5318238089331829,-0.5318238089331829
Ta10.0000 Ti10.0000 Mo80.0000,Mo81.4815 Ta9.2593 Ti9.2593,54,16.029691418546705,10.292836298329572,226.5883011028356,0.0,0.1,0.1,0.8,0.0,0.09259259259259259,0.09259259259259259,0.8148148148148148,16.273568755093347,16.28309266740349,-0.24387733654664245,-0.25340124885678605,-1.4986100480898699,-1.5562230961447543
Ta10.0000 Ti20.0000 Mo70.0000,Mo70.3704 Ti20.3704 Ta9.2593,54,16.06681112247568,9.717006773109913,208.71780696366065,0.0,0.1,0.2,0.7,0.0,0.09259259259259259,0.2037037037037037,0.7037037037037037,16.418111418560642,16.43715924318093,-0.35130029608496116,-0.37034812070524836,-2.139711974958441,-2.253115123033744
Ta10.0000 Ti30.0000 Mo60.0000,Mo61.1111 Ti29.6296 Ta9.2593,54,16.116790349051197,9.228258953831235,194.15040629725087,0.0,0.1,0.3,0.6,0.0,0.09259259259259259,0.2962962962962963,0.6111111111111112,16.56265408202794,16.591225818958367,-0.4458637329767434,-0.47443546990717067,-2.6919824006983766,-2.859556461253426
Ta10.0000 Ti40.0000 Mo50.0000,Mo50.0000 Ti40.7407 Ta9.2593,54,16.25129227494663,8.606099459351837,175.7725224031117,0.0,0.1,0.4,0.5,0.0,0.09259259259259259,0.4074074074074074,0.5,16.707196745495235,16.745292394735806,-0.4559044705486066,-0.49400011978917746,-2.7287909365856495,-2.9500835706187822
Ta10.0000 Ti50.0000 Mo40.0000,Ti50.0000 Mo40.7407 Ta9.2593,54,16.39944301017441,8.077642632452836,161.57114038848133,0.0,0.1,0.5,0.4,0.0,0.09259259259259259,0.5,0.4074074074074074,16.85173940896253,16.899358970513248,-0.4522963987881212,-0.4999159603388392,-2.6839745607956007,-2.9581948120701784
Ta10.0000 Ti60.0000 Mo30.0000,Ti59.2593 Mo31.4815 Ta9.2593,54,16.590234374940316,7.539220937268645,148.13260405437535,0.0,0.1,0.6,0.3,0.0,0.09259259259259259,0.5925925925925926,0.3148148148148148,16.99628207242983,17.053425546290686,-0.4060476974895124,-0.46319117135037047,-2.3890383541479014,-2.7161180614009823
Ta10.0000 Ti70.0000 Mo20.0000,Ti70.3704 Mo20.3704 Ta9.2593,54,16.857110181976097,6.893694347061314,133.8632489658872,0.0,0.1,0.7,0.2,0.0,0.09259259259259259,0.7037037037037037,0.2037037037037037,17.140824735897123,17.207492122068125,-0.2837145539210262,-0.35038194009202783,-1.655197799945167,-2.0362173500150718
Ta10.0000 Ti80.0000 Mo10.0000,Ti79.6296 Mo11.1111 Ta9.2593,54,17.09208761208565,6.366476113696841,124.52401014072058,0.0,0.1,0.8,0.1,0.0,0.09259259259259259,0.7962962962962963,0.1111111111111111,17.28536739936442,17.361558697845567,-0.19327978727877237,-0.26947108575991763,-1.1181699689292066,-1.5521134389469124
Ta10.0000 Ti90.0000,Ti90.7407 Ta9.2593,54,17.324726133460857,5.769019929155181,92.56007577218759,0.0,0.1,0.9,0.0,0.0,0.09259259259259259,0.9074074074074074,0.0,17.429910062831716,17.515625273623005,-0.10518392937085963,-0.19089914016214848,-0.603467998352776,-1.089879106112334
Ta20.0000 Mo80.0000,Mo79.6296 Ta20.3704,54,16.276339196361793,11.554607454853889,233.48908845860728,0.0,0.2,0.0,0.8,0.0,0.2037037037037037,0.0,0.7962962962962963,16.398717941026497,16.398717941026497,-0.12237874466470444,-0.12237874466470444,-0.746270196882501,-0.746270196882501
Ta20.0000 Ti10.0000 Mo70.0000,Mo70.3704 Ta20.3704 Ti9.2593,54,16.287598007997815,11.092815065399625,218.94740593725066,0.0,0.2,0.1,0.7,0.0,0.2037037037037037,0.09259259259259259,0.7037037037037037,16.543260604493792,16.552784516803936,-0.2556625964959771,-0.2651865088061207,-1.5454184190662463,-1.6020658550645095
Ta20.0000 Ti20.0000 Mo60.0000,Mo59.2593 Ta20.3704 Ti20.3704,54,16.333146359465754,10.51883278314326,201.17911668334077,0.0,0.2,0.2,0.6,0.0,0.2037037037037037,0.2037037037037037,0.5925925925925926,16.687803267961087,16.706851092581374,-0.3546569084953326,-0.3737047331156198,-2.12524622204912,-2.2368352422890885
Ta20.0000 Ti30.0000 Mo50.0000,Mo50.0000 Ti29.6296 Ta20.3704,54,16.428674402633987,10.007760437308544,186.036236562685,0.0,0.2,0.3,0.5,0.0,0.2037037037037037,0.2962962962962963,0.5,16.832345931428385,16.860917668358816,-0.4036715287943977,-0.4322432657248285,-2.398189357792876,-2.563580904828068
Ta20.0000 Ti40.0000 Mo40.0000,Ti40.7407 Mo38.8889 Ta20.3704,54,16.595315853848337,9.372799042180846,169.60893491685243,0.0,0.2,0.4,0.4,0.0,0.2037037037037037,0.4074074074074074,0.3888888888888889,16.976888594895684,17.014984244136254,-0.3815727410473464,-0.41966839028791725,-2.247601136771735,-2.4664635844875638
Ta20.0000 Ti50.0000 Mo30.0000,Ti50.0000 Mo29.6296 Ta20.3704,54,16.781759263563202,8.828225966009963,154.83686247840205,0.0,0.2,0.5,0.3,0.0,0.2037037037037037,0.5,0.2962962962962963,17.12143125836298,17.169050819913693,-0.33967199479977594,-0.3872915563504904,-1.9838995331296434,-2.2557540333055948
Ta20.0000 Ti60.0000 Mo20.0000,Ti59.2593 Mo20.3704 Ta20.3704,54,16.97709807849245,8.291273607620871,142.60877050281192,0.0,0.2,0.6,0.2,0.0,0.2037037037037037,0.5925925925925926,0.2037037037037037,17.265973921830273,17.323117395691135,-0.28887584333782357,-0.3460193171986852,-1.6730932448159368,-1.997442546251821
Ta20.0000 Ti70.0000 Mo10.0000,Ti70.3704 Ta20.3704 Mo9.2593,54,17.25059221140324,7.645655663957124,130.27202071590722,0.0,0.2,0.7,0.1,0.0,0.2037037037037037,0.7037037037037037,0.09259259259259259,17.41051658529757,17.477183971468573,-0.15992437389433078,-0.22659176006533244,-0.9185504238821954,-1.2965003998083586
Ta20.0000 Ti80.0000,Ti79.6296 Ta20.3704,54,17.458319849767122,7.131309969422351,119.87875931268634,0.0,0.2,0.8,0.0,0.0,0.2037037037037037,0.7962962962962963,0.0,17.555059248764866,17.63125054724601,-0.09673939899774453,-0.17293069747888978,-0.5510627883785176,-0.9808192391996915
Ta30.0000 Mo70.0000,Mo70.3704 Ta29.6296,54,16.47542423274103,12.208303497379829,226.65404445195458,0.0,0.3,0.0,0.7,0.0,0.2962962962962963,0.0,0.7037037037037037,16.668409790426942,16.668409790426942,-0.19298555768591186,-0.19298555768591186,-1.1577922556040587,-1.1577922556040587
Ta30.0000 Ti10.0000 Mo60.0000,Mo61.1111 Ta29.6296 Ti9.2593,54,16.501878795045393,11.740819577819124,211.99044017423728,0.0,0.3,0.1,0.6,0.0,0.2962962962962963,0.09259259259259259,0.6111111111111112,16.812952453894237,16.82247636620438,-0.3110736588488443,-0.3205975711589879,-1.8502024537444821,-1.9057691874845157
Ta30.0000 Ti20.0000 Mo50.0000,Mo50.0000 Ta29.6296 Ti20.3704,54,16.568440509803274,11.15831657987447,194.77062619984892,0.0,0.3,0.2,0.5,0.0,0.2962962962962963,0.2037037037037037,0.5,16.957495117361532,16.97654294198182,-0.3890546075582577,-0.4081024321785449,-2.294292906267349,-2.4039195351683516
Ta30.0000 Ti30.0000 Mo40.0000,Mo40.7407 Ta29.6296 Ti29.6296,54,16.68664174667639,10.636322723524117,180.64032402228705,0.0,0.3,0.3,0.4,0.0,0.2962962962962963,0.2962962962962963,0.4074074074074074,17.10203778082883,17.13060951775926,-0.4153960341524403,-0.4439677710828711,-2.428927122463114,-2.5916635985579544
Ta30.0000 Ti40.0000 Mo30.0000,Ti40.7407 Mo29.6296 Ta29.6296,54,16.886059779624922,9.985445497976313,162.76276917466558,0.0,0.3,0.4,0.3,0.0,0.2962962962962963,0.4074074074074074,0.2962962962962963,17.246580444296125,17.2846760935367,-0.3605206646712027,-0.3986163139117771,-2.090389256210125,-2.3061833022189675
Ta30.0000 Ti50.0000 Mo20.0000,Ti50.0000 Ta29.6296 Mo20.3704,54,17.064249892187963,9.448023380453506,148.98600033177198,0.0,0.3,0.5,0.2,0.0,0.2962962962962963,0.5,0.2037037037037037,17.391123107763423,17.438742669314138,-0.32687321557546056,-0.374492777126175,-1.8795405768218838,-2.147475791274485
Ta30.0000 Ti60.0000 Mo10.0000,Ti59.2593 Ta29.6296 Mo11.1111,54,17.291440703198518,8.89642667363838,137.15502468191488,0.0,0.3,0.6,0.1,0.0,0.2962962962962963,0.5925925925925926,0.1111111111111111,17.53566577123072,17.59280924509158,-0.24422506803220045,-0.30136854189306206,-1.3927333653500618,-1.7130211423007633
Ta30.0000 Ti70.0000,Ti70.3704 Ta29.6296,54,17.537184793856202,8.265999293335307,125.49274406467867,0.0,0.3,0.7,0.0,0.0,0.2962962962962963,0.7037037037037037,0.0,17.680208434698017,17.74687582086902,-0.14302364084181463,-0.20969102701281628,-0.808947707658954,-1.1815658661804298
Ta40.0000 Mo60.0000,Mo59.2593 Ta40.7407,54,16.719837235087574,12.967907468909313,217.9748301737151,0.0,0.4,0.0,0.6,0.0,0.4074074074074074,0.0,0.5925925925925926,16.938101639827387,16.938101639827387,-0.2182644047398128,-0.2182644047398128,-1.2886001594570493,-1.2886001594570493
Ta40.0000 Ti10.0000 Mo50.0000,Mo50.0000 Ta40.7407 Ti9.2593,54,16.764039666455087,12.492806547409268,204.17359042282322,0.0,0.4,0.1,0.5,0.0,0.4074074074074074,0.09259259259259259,0.5,17.082644303294686,17.09216821560483,-0.3186046368395985,-0.3281285491497421,-1.865077977290378,-1.9197596525534244
Ta40.0000 Ti20.0000 Mo40.0000,Ta40.7407 Mo38.8889 Ti20.3704,54,16.877194744735796,11.883504951805467,187.12887796780674,0.0,0.4,0.2,0.4,0.0,0.4074074074074074,0.2037037037037037,0.3888888888888889,17.227186966761984,17.246234791382268,-0.34999222202618796,-0.3690400466464716,-2.0316272337524435,-2.1398296562150274
Ta40.0000 Ti30.0000 Mo30.0000,Ta40.7407 Ti29.6296 Mo29.6296,54,17.036275450812543,11.338677296317046,172.8506905981102,0.0,0.4,0.3,0.3,0.0,0.4074074074074074,0.2962962962962963,0.2962962962962963,17.371729630229275,17.400301367159706,-0.3354541794167325,-0.3640259163471633,-1.9310350008728816,-2.092066733017649
Ta40.0000 Ti40.0000 Mo20.0000,Ti40.7407 Ta40.7407 Mo18.5185,54,17.247592918599395,10.685499904437226,155.1458151020748,0.0,0.4,0.4,0.2,0.0,0.4074074074074074,0.4074074074074074,0.18518518518518517,17.516272293696574,17.554367942937148,-0.26867937509717876,-0.30677502433775317,-1.5338844395212219,-1.7475708913870722
Ta40.0000 Ti50.0000 Mo10.0000,Ti50.0000 Ta40.7407 Mo9.2593,54,17.457592239753218,10.133571250845373,142.14754177642953,0.0,0.4,0.5,0.1,0.0,0.4074074074074074,0.5,0.09259259259259259,17.66081495716387,17.708434518714586,-0.20322271741065023,-0.25084227896136824,-1.1506984128624014,-1.41651301077051
Ta40.0000 Ti60.0000,Ti59.2593 Ta40.7407,54,17.6527669153651,9.602820792273354,131.57181945721283,0.0,0.4,0.6,0.0,0.0,0.4074074074074074,0.5925925925925926,0.0,17.805357620631167,17.862501094492025,-0.15259070526606777,-0.20973417912692582,-0.8569932068607264,-1.1741590834197246
Ta50.0000 Mo50.0000,Mo50.0000 Ta50.0000,54,16.92675707888925,13.581548441546023,211.55144623442723,0.0,0.5,0.0,0.5,0.0,0.5,0.0,0.5,17.207793489227832,17.207793489227832,-0.28103641033858295,-0.28103641033858295,-1.6331926026106323,-1.6331926026106323
Ta50.0000 Ti10.0000 Mo40.0000,Ta50.0000 Mo40.7407 Ti9.2593,54,17.00862472924337,13.081608719895188,197.87125389932177,0.0,0.5,0.1,0.4,0.0,0.5,0.09259259259259259,0.4074074074074074,17.35233615269513,17.361860065005274,-0.34371142345176153,-0.35323533576190513,-1.9807789592548721,-2.0345477641182557
Ta50.0000 Ti20.0000 Mo30.0000,Ta50.0000 Mo29.6296 Ti20.3704,54,17.15562474513738,12.452504619371618,180.76672263963997,0.0,0.5,0.2,0.3,0.0,0.5,0.2037037037037037,0.2962962962962963,17.496878816162425,17.515926640782713,-0.3412540710250447,-0.3603018956453319,-1.9503711182466292,-2.056995915970744
Ta50.0000 Ti30.0000 Mo20.0000,Ta50.0000 Ti29.6296 Mo20.3704,54,17.312718095501143,11.912577655088187,165.262677755245,0.0,0.5,0.3,0.2,0.0,0.5,0.2962962962962963,0.2037037037037037,17.641421479629724,17.66999321656015,-0.32870338412858047,-0.3572751210590077,-1.8632477235926208,-2.0219312858828538
Ta50.0000 Ti40.0000 Mo10.0000,Ta50.0000 Ti40.7407 Mo9.2593,54,17.52577633451566,11.261664977438885,148.4924597684075,0.0,0.5,0.4,0.1,0.0,0.5,0.4074074074074074,0.09259259259259259,17.78596414309702,17.824059792337593,-0.26018780858136026,-0.29828345782193466,-1.4628827905421298,-1.6734877536158406
Ta50.0000 Ti50.0000,Ta50.0000 Ti50.0000,54,17.730896152722988,10.714519010137298,136.71170107556867,0.0,0.5,0.5,0.0,0.0,0.5,0.5,0.0,17.930506806564317,17.97812636811503,-0.19961065384132937,-0.24723021539204382,-1.1132460225176255,-1.3751723084476537
Ta60.0000 Mo40.0000,Ta59.2593 Mo40.7407,54,17.14743240595858,14.168992449631443,205.14862779936695,0.0,0.6,0.0,0.4,0.0,0.5925925925925926,0.0,0.4074074074074074,17.47748533862828,17.47748533862828,-0.3300529326697017,-0.3300529326697017,-1.8884463426796723,-1.8884463426796723
Ta60.0000 Ti10.0000 Mo30.0000,Ta59.2593 Mo31.4815 Ti9.2593,54,17.25757420188542,13.650263929395976,192.34419026440096,0.0,0.6,0.1,0.3,0.0,0.5925925925925926,0.09259259259259259,0.3148148148148148,17.622028002095576,17.63155191440572,-0.36445380021015694,-0.37397771252030054,-2.0681717232932377,-2.1210708753025025
Ta60.0000 Ti20.0000 Mo20.0000,Ta59.2593 Mo20.3704 Ti20.3704,54,17.432999412518328,13.004117082090632,174.76751026645783,0.0,0.6,0.2,0.2,0.0,0.5925925925925926,0.2037037037037037,0.2037037037037037,17.766570665562874,17.78561849018316,-0.33357125304454627,-0.35261907766483347,-1.8775218882905234,-1.9826079023311047
Ta60.0000 Ti30.0000 Mo10.0000,Ta59.2593 Ti29.6296 Mo11.1111,54,17.59684907787377,12.46299077909596,159.2640872100529,0.0,0.6,0.3,0.1,0.0,0.5925925925925926,0.2962962962962963,0.1111111111111111,17.91111332903017,17.9396850659606,-0.31426425115639844,-0.34283598808682925,-1.754576867352192,-1.9110479745117628
Ta60.0000 Ti40.0000,Ta59.2593 Ti40.7407,54,17.809938890680193,11.815856972105609,141.37190583842622,0.0,0.6,0.4,0.0,0.0,0.5925925925925926,0.4074074074074074,0.0,18.055655992497464,18.093751641738038,-0.24571710181727013,-0.28381275105784454,-1.3608871476027855,-1.5685677391699968
Ta70.0000 Mo30.0000,Ta70.3704 Mo29.6296,54,17.44586122756461,14.825646025452782,198.53820892099287,0.0,0.7,0.0,0.3,0.0,0.7037037037037037,0.0,0.2962962962962963,17.747177188028726,17.747177188028726,-0.301315960464116,-0.301315960464116,-1.697824714723462,-1.697824714723462
Ta70.0000 Ti10.0000 Mo20.0000,Ta70.3704 Mo20.3704 Ti9.2593,54,17.573140747495728,14.297658519074217,185.45336895167955,0.0,0.7,0.1,0.2,0.0,0.7037037037037037,0.09259259259259259,0.2037037037037037,17.89171985149602,17.901243763806164,-0.31857910400029255,-0.32810301631043615,-1.7805951951212475,-1.8328503909533649
Ta70.0000 Ti20.0000 Mo10.0000,Ta70.3704 Ti20.3704 Mo9.2593,54,17.762654472765,13.645769482399128,166.68086253470497,0.0,0.7,0.2,0.1,0.0,0.7037037037037037,0.2037037037037037,0.09259259259259259,18.03626251496332,18.055310339583603,-0.2736080421983189,-0.29265586681860256,-1.5169885777129661,-1.6208852759345695
Ta70.0000 Ti30.0000,Ta70.3704 Ti29.6296,54,17.929213118523293,13.10674869687144,149.76249909709344,0.0,0.7,0.3,0.0,0.0,0.7037037037037037,0.2962962962962963,0.0,18.180805178430614,18.209376915361045,-0.2515920599073205,-0.2801637968377513,-1.3838334300276474,-1.538568827148671
Ta80.0000 Mo20.0000,Ta79.6296 Mo20.3704,54,17.699344021828036,15.351779811687994,193.84758997362525,0.0,0.8,0.0,0.2,0.0,0.7962962962962963,0.0,0.2037037037037037,18.016869037429174,18.016869037429174,-0.317525015601138,-0.317525015601138,-1.7623762205380697,-1.7623762205380697
Ta80.0000 Ti10.0000 Mo10.0000,Ta79.6296 Mo11.1111 Ti9.2593,54,17.843815603755854,14.813257458514782,179.39329139677392,0.0,0.8,0.1,0.1,0.0,0.7962962962962963,0.09259259259259259,0.1111111111111111,18.16141170089647,18.170935613206613,-0.31759609714061554,-0.32712000945075914,-1.7487412452906324,-1.800237568466253
Ta80.0000 Ti20.0000,Ta79.6296 Ti20.3704,54,18.049795795587272,14.152811493783526,160.21148174514184,0.0,0.8,0.2,0.0,0.0,0.7962962962962963,0.2037037037037037,0.0,18.305954364363764,18.32500218898405,-0.2561585687764918,-0.275206393396779,-1.39931829653829,-1.5018082429600876
Ta90.0000 Mo10.0000,Ta90.7407 Mo9.2593,54,18.024606582395332,15.94491140758526,189.03665953392667,0.0,0.9,0.0,0.1,0.0,0.9074074074074074,0.0,0.09259259259259259,18.28656088682962,18.28656088682962,-0.2619543044342869,-0.2619543044342869,-1.4324962799481455,-1.4324962799481455
Ta90.0000 Ti10.0000,Ta90.7407 Ti9.2593,54,18.187577301606634,15.395638067441508,173.47367929742967,0.0,0.9,0.1,0.0,0.0,0.9074074074074074,0.09259259259259259,0.0,18.431103550296918,18.440627462607058,-0.2435262486902836,-0.25305016100042366,-1.3212787179330914,-1.3722426827045098
Ta100.0000,Ta100.0000,54,18.556252736230064,16.192440814927824,128.44864697943282,0.0,1.0,0.0,0.0,0.0,1.0,0.0,0.0,18.556252736230064,18.556252736230064,0.0,0.0,0.0,0.0
Nb10.0000 Mo90.0000,Mo90.7407 Nb9.2593,54,16.05127748652521,9.89613994004124,236.84845825508725,0.1,0.0,0.0,0.9,0.09259259259259259,0.0,0.0,0.9074074074074074,16.08621827102737,16.08621827102737,-0.03494078450216165,-0.03494078450216165,-0.2172094392446044,-0.2172094392446044
Nb10.0000 Ti10.0000 Mo80.0000,Mo81.4815 Nb9.2593 Ti9.2593,54,16.030858814318446,9.44767166398406,224.3905957909794,0.1,0.0,0.1,0.8,0.09259259259259259,0.0,0.09259259259259259,0.8148148148148148,16.230760934494665,16.24028484680481,-0.199902120176219,-0.2094260324863626,-1.2316250666435118,-1.289546547131937
Nb10.0000 Ti20.0000 Mo70.0000,Mo70.3704 Ti20.3704 Nb9.2593,54,16.06518251789003,8.875380857087617,206.84001439555774,0.1,0.0,0.2,0.7,0.09259259259259259,0.0,0.2037037037037037,0.7037037037037037,16.37530359796196,16.394351422582247,-0.31012108007193007,-0.32916890469221727,-1.893834078963441,-2.0078190116066845
Nb10.0000 Ti30.0000 Mo60.0000,Mo61.1111 Ti29.6296 Nb9.2593,54,16.110042724102378,8.391859540441482,192.24303234008,0.1,0.0,0.3,0.6,0.09259259259259259,0.0,0.2962962962962963,0.6111111111111112,16.519846261429258,16.548417998359685,-0.40980353732688,-0.43837527425730727,-2.480674038012656,-2.649046418218104
Nb10.0000 Ti40.0000 Mo50.0000,Mo50.0000 Ti40.7407 Nb9.2593,54,16.240119634187092,7.778485712678431,174.00772559378382,0.1,0.0,0.4,0.5,0.09259259259259259,0.0,0.4074074074074074,0.5,16.664388924896553,16.702484574137124,-0.42426929070946073,-0.4623649399500316,-2.545963687126886,-2.7682404848077407
Nb10.0000 Ti50.0000 Mo40.0000,Ti50.0000 Mo40.7407 Nb9.2593,54,16.391908397714882,7.255539624023956,159.71119185522997,0.1,0.0,0.5,0.4,0.09259259259259259,0.0,0.5,0.4074074074074074,16.808931588363848,16.856551149914566,-0.4170231906489654,-0.46464275219968343,-2.4809619127586546,-2.7564520646445425
Nb10.0000 Ti60.0000 Mo30.0000,Ti59.2593 Mo31.4815 Nb9.2593,54,16.57985392718253,6.727486486259076,146.7597184727505,0.1,0.0,0.6,0.3,0.09259259259259259,0.0,0.5925925925925926,0.3148148148148148,16.953474251831146,17.010617725692004,-0.3736203246486163,-0.4307637985094743,-2.2037979891246273,-2.5323230787725586
Nb10.0000 Ti70.0000 Mo20.0000,Ti70.3704 Mo20.3704 Nb9.2593,54,16.831795255955917,6.099828597812477,132.37103744096183,0.1,0.0,0.7,0.2,0.09259259259259259,0.0,0.7037037037037037,0.2037037037037037,17.09801691529844,17.164684301469443,-0.2662216593425235,-0.33288904551352516,-1.5570323778561819,-1.9393834437434252
Nb10.0000 Ti80.0000 Mo10.0000,Ti79.6296 Mo11.1111 Nb9.2593,54,17.079555631723863,5.578580055332867,123.1036290713975,0.1,0.0,0.8,0.1,0.09259259259259259,0.0,0.7962962962962963,0.1111111111111111,17.24255957876574,17.318750877246885,-0.16300394704187582,-0.23919524552302107,-0.9453581778114639,-1.3811345126355055
Nb10.0000 Ti90.0000,Ti90.7407 Nb9.2593,54,17.219182189688244,5.018240138510412,117.11801655206291,0.1,0.0,0.9,0.0,0.09259259259259259,0.0,0.9074074074074074,0.0,17.387102242233034,17.472817453024323,-0.16792005254479037,-0.2536352633360792,-0.9657736533976021,-1.4515991139836362
Nb10.0000 Ta10.0000 Mo80.0000,Mo81.4815 Ta9.2593 Nb9.2593,54,16.239674233840496,10.586170314317139,232.01018317650494,0.1,0.1,0.0,0.8,0.09259259259259259,0.09259259259259259,0.0,0.8148148148148148,16.355910120427815,16.355910120427815,-0.11623588658731876,-0.11623588658731876,-0.7106659655835674,-0.7106659655835674
Nb10.0000 Ta10.0000 Ti10.0000 Mo70.0000,Mo72.2222 Ta9.2593 Nb9.2593 Ti9.2593,54,16.24617588214446,10.126971468748183,218.2166443729147,0.1,0.1,0.1,0.7,0.09259259259259259,0.09259259259259259,0.09259259259259259,0.7222222222222222,16.50045278389511,16.509976696205253,-0.2542769017506501,-0.2638008140607937,-1.5410298437315082,-1.597826689370356
Nb10.0000 Ta10.0000 Ti20.0000 Mo60.0000,Mo61.1111 Ti20.3704 Nb9.2593 Ta9.2593,54,16.28963002075629,9.555458426737754,200.48822734996634,0.1,0.1,0.2,0.6,0.09259259259259259,0.09259259259259259,0.2037037037037037,0.6111111111111112,16.644995447362405,16.664043271982692,-0.35536542660611303,-0.37441325122640023,-2.1349686020035823,-2.2468331671695934
Nb10.0000 Ta10.0000 Ti30.0000 Mo50.0000,Mo51.8519 Ti29.6296 Nb9.2593 Ta9.2593,54,16.369285829548733,9.057419263149491,185.93524779011685,0.1,0.1,0.3,0.5,0.09259259259259259,0.09259259259259259,0.2962962962962963,0.5185185185185185,16.789538110829703,16.818109847760134,-0.4202522812809697,-0.4488240182114005,-2.5030604088500548,-2.6686947717324827
Nb10.0000 Ta10.0000 Ti40.0000 Mo40.0000,Ti40.7407 Mo40.7407 Nb9.2593 Ta9.2593,54,16.519197654495287,8.438291648756708,168.03448829246912,0.1,0.1,0.4,0.4,0.09259259259259259,0.09259259259259259,0.4074074074074074,0.4074074074074074,16.934080774297,16.972176423537576,-0.4148831198017149,-0.4529787690422893,-2.4499890211427098,-2.66894921274848
Nb10.0000 Ta10.0000 Ti50.0000 Mo30.0000,Ti50.0000 Mo31.4815 Ta9.2593 Nb9.2593,54,16.698772073806474,7.904917162467608,154.97620812765214,0.1,0.1,0.5,0.3,0.09259259259259259,0.09259259259259259,0.5,0.3148148148148148,17.078623437764296,17.12624299931501,-0.3798513639578225,-0.42747092550853694,-2.22413337551488,-2.4959994175350326
Nb10.0000 Ta10.0000 Ti60.0000 Mo20.0000,Ti59.2593 Mo22.2222 Ta9.2593 Nb9.2593,54,16.905551721280542,7.371011272455962,140.9695343234888,0.1,0.1,0.6,0.2,0.09259259259259259,0.09259259259259259,0.5925925925925926,0.2222222222222222,17.22316610123159,17.280309575092453,-0.31761437995104913,-0.37475785381191073,-1.8441114606003668,-2.168698727203825
Nb10.0000 Ta10.0000 Ti70.0000 Mo10.0000,Ti70.3704 Mo11.1111 Nb9.2593 Ta9.2593,54,17.14723218741784,6.7498552451577725,128.38273666603092,0.1,0.1,0.7,0.1,0.09259259259259259,0.09259259259259259,0.7037037037037037,0.1111111111111111,17.36770876469889,17.43437615086989,-0.22047657728105108,-0.28714396345205273,-1.2694626577869932,-1.6469987854295873
Nb10.0000 Ta10.0000 Ti80.0000,Ti81.4815 Ta9.2593 Nb9.2593,54,17.34225532561835,6.162500547310112,123.97374507425442,0.1,0.1,0.8,0.0,0.09259259259259259,0.09259259259259259,0.8148148148148148,0.0,17.512251428166184,17.58844272664733,-0.16999610254783448,-0.24618740102897974,-0.970726712354174,-1.399711190212389
Nb10.0000 Ta20.0000 Mo70.0000,Mo70.3704 Ta20.3704 Nb9.2593,54,16.47542030009691,11.386676439799906,224.7794529666102,0.1,0.2,0.0,0.7,0.09259259259259259,0.2037037037037037,0.0,0.7037037037037037,16.62560196982826,16.62560196982826,-0.1501816697313494,-0.1501816697313494,-0.9033156814646197,-0.9033156814646197
Nb10.0000 Ta20.0000 Ti10.0000 Mo60.0000,Mo61.1111 Ta20.3704 Nb9.2593 Ti9.2593,54,16.499028993061557,10.922393226230323,210.93621527481358,0.1,0.2,0.1,0.6,0.09259259259259259,0.2037037037037037,0.09259259259259259,0.6111111111111112,16.77014463329556,16.779668545605702,-0.2711156402340009,-0.2806395525441445,-1.6166565415048724,-1.6724975930328436
Nb10.0000 Ta20.0000 Ti20.0000 Mo50.0000,Mo50.0000 Ta20.3704 Ti20.3704 Nb9.2593,54,16.57843258424327,10.335066626960524,193.3595218838617,0.1,0.2,0.2,0.5,0.09259259259259259,0.2037037037037037,0.2037037037037037,0.5,16.914687296762853,16.93373512138314,-0.33625471251958317,-0.35530253713987037,-1.987945190000266,-2.0981935443835464
Nb10.0000 Ta20.0000 Ti30.0000 Mo40.0000,Mo40.7407 Ti29.6296 Ta20.3704 Nb9.2593,54,16.69105181380396,9.822497078309754,177.68877612465747,0.1,0.2,0.3,0.4,0.09259259259259259,0.2037037037037037,0.2962962962962963,0.4074074074074074,17.059229960230148,17.08780169716058,-0.36817814642618885,-0.39674988335661965,-2.158234265465179,-2.321831037063979
Nb10.0000 Ta20.0000 Ti40.0000 Mo30.0000,Ti40.7407 Mo29.6296 Ta20.3704 Nb9.2593,54,16.884389622039823,9.184704568065117,160.85869804091894,0.1,0.2,0.4,0.3,0.09259259259259259,0.2037037037037037,0.4074074074074074,0.2962962962962963,17.203772623697446,17.241868272938017,-0.31938300165762357,-0.3574786508981944,-1.8564707209492377,-2.0733173762803605
Nb10.0000 Ta20.0000 Ti50.0000 Mo20.0000,Ti50.0000 Ta20.3704 Mo20.3704 Nb9.2593,54,17.07666217682724,8.64845432365744,147.35010846706342,0.1,0.2,0.5,0.2,0.09259259259259259,0.2037037037037037,0.5,0.2037037037037037,17.34831528716474,17.39593484871546,-0.2716531103374997,-0.31927267188821773,-1.5658760279649977,-1.8353291999814156
Nb10.0000 Ta20.0000 Ti60.0000 Mo10.0000,Ti59.2593 Ta20.3704 Mo11.1111 Nb9.2593,54,17.254807128691066,8.130797066390642,136.27689510299956,0.1,0.2,0.6,0.1,0.09259259259259259,0.2037037037037037,0.5925925925925926,0.1111111111111111,17.49285795063204,17.550001424492898,-0.23805082194097338,-0.29519429580183143,-1.3608457955400723,-1.6820186429720532
Nb10.0000 Ta20.0000 Ti70.0000,Ti70.3704 Ta20.3704 Nb9.2593,54,17.52328396130308,7.500058681287202,125.12072904123063,0.1,0.2,0.7,0.0,0.09259259259259259,0.2037037037037037,0.7037037037037037,0.0,17.637400614099334,17.704068000270336,-0.11411665279625538,-0.18078403896725703,-0.647015142951567,-1.021144061153044
Nb10.0000 Ta30.0000 Mo60.0000,Mo61.1111 Ta29.6296 Nb9.2593,54,16.675478051730856,12.03387084974526,217.89361819993016,0.1,0.3,0.0,0.6,0.09259259259259259,0.2962962962962963,0.0,0.6111111111111112,16.895293819228705,16.895293819228705,-0.21981576749784892,-0.21981576749784892,-1.30104732033529,-1.30104732033529
Nb10.0000 Ta30.0000 Ti10.0000 Mo50.0000,Mo51.8519 Ta29.6296 Ti9.2593 Nb9.2593,54,16.714106661866122,11.563833801512304,203.55380870312615,0.1,0.3,0.1,0.5,0.09259259259259259,0.2962962962962963,0.09259259259259259,0.5185185185185185,17.039836482696003,17.049360395006147,-0.32572982082988133,-0.33525373314002493,-1.9115783250658585,-1.9663713205231008
Nb10.0000 Ta30.0000 Ti20.0000 Mo40.0000,Mo40.7407 Ta29.6296 Ti20.3704 Nb9.2593,54,16.826802097577144,10.95927041423138,186.35836815036657,0.1,0.3,0.2,0.4,0.09259259259259259,0.2962962962962963,0.2037037037037037,0.4074074074074074,17.1843791461633,17.203426970783585,-0.35757704858615824,-0.3766248732064419,-2.0808261127431726,-2.1892433051046183
Nb10.0000 Ta30.0000 Ti30.0000 Mo30.0000,Mo31.4815 Ti29.6296 Ta29.6296 Nb9.2593,54,16.963499669198253,10.435233306356338,171.46879462607032,0.1,0.3,0.3,0.3,0.09259259259259259,0.2962962962962963,0.2962962962962963,0.3148148148148148,17.328921809630593,17.357493546561024,-0.3654221404323401,-0.3939938773627709,-2.108741354175052,-2.269877711928238
Nb10.0000 Ta30.0000 Ti40.0000 Mo20.0000,Ti40.7407 Ta29.6296 Mo20.3704 Nb9.2593,54,17.1848873684736,9.784666954779812,154.7400562691022,0.1,0.3,0.4,0.2,0.09259259259259259,0.2962962962962963,0.4074074074074074,0.2037037037037037,17.47346447309789,17.511560122338466,-0.28857710462429154,-0.32667275386486594,-1.6515162466412097,-1.8654691619860229
Nb10.0000 Ta30.0000 Ti50.0000 Mo10.0000,Ti50.0000 Ta29.6296 Mo11.1111 Nb9.2593,54,17.365146001412516,9.257451788146147,141.11997488688257,0.1,0.3,0.5,0.1,0.09259259259259259,0.2962962962962963,0.5,0.1111111111111111,17.618007136565186,17.665626698115904,-0.2528611351526706,-0.3004806967033886,-1.4352425515135108,-1.7009342597250503
Nb10.0000 Ta30.0000 Ti60.0000,Ti61.1111 Ta29.6296 Nb9.2593,54,17.602747774120374,8.628614501937864,127.89661907177054,0.1,0.3,0.6,0.0,0.09259259259259259,0.2962962962962963,0.6111111111111112,0.0,17.762549800032485,17.819693273893343,-0.15980202591211068,-0.21694549977296873,-0.8996570183398919,-1.217448002266143
Nb10.0000 Ta40.0000 Mo50.0000,Mo50.0000 Ta40.7407 Nb9.2593,54,16.919811121483807,12.787073718336448,209.61737425102316,0.1,0.4,0.0,0.5,0.09259259259259259,0.4074074074074074,0.0,0.5,17.16498566862915,17.16498566862915,-0.2451745471453428,-0.2451745471453428,-1.4283411118334084,-1.4283411118334084
Nb10.0000 Ta40.0000 Ti10.0000 Mo40.0000,Ta40.7407 Mo40.7407 Ti9.2593 Nb9.2593,54,16.998915021496046,12.292753637086564,196.0506988801447,0.1,0.4,0.1,0.4,0.09259259259259259,0.4074074074074074,0.09259259259259259,0.4074074074074074,17.30952833209645,17.319052244406592,-0.3106133106004023,-0.3201372229105459,-1.7944643241632587,-1.848468486570553
Nb10.0000 Ta40.0000 Ti20.0000 Mo30.0000,Ta40.7407 Mo29.6296 Ti20.3704 Nb9.2593,54,17.150987104087992,11.666605313047096,179.20660180348133,0.1,0.4,0.2,0.3,0.09259259259259259,0.4074074074074074,0.2037037037037037,0.2962962962962963,17.454070995563743,17.47311882018403,-0.303083891475751,-0.3221317160960382,-1.7364653297948947,-1.8435845335403347
Nb10.0000 Ta40.0000 Ti30.0000 Mo20.0000,Ta40.7407 Ti29.6296 Mo20.3704 Nb9.2593,54,17.295979413785197,11.14145634708877,163.0721396473232,0.1,0.4,0.3,0.2,0.09259259259259259,0.4074074074074074,0.2962962962962963,0.2037037037037037,17.59861365903104,17.62718539596147,-0.30263424524584437,-0.3312059821762716,-1.7196482126905617,-1.8789498988996485
Nb10.0000 Ta40.0000 Ti40.0000 Mo10.0000,Ta40.7407 Ti40.7407 Mo9.2593 Nb9.2593,54,17.521005693173986,10.492133023276601,146.37213988893134,0.1,0.4,0.4,0.1,0.09259259259259259,0.4074074074074074,0.4074074074074074,0.09259259259259259,17.743156322498336,17.78125197173891,-0.22215062932435004,-0.26024627856492444,-1.2520355752187273,-1.4635992953620676
Nb10.0000 Ta40.0000 Ti50.0000,Ti50.0000 Ta40.7407 Nb9.2593,54,17.73575573200618,9.948339808392737,134.4811700613394,0.1,0.4,0.5,0.0,0.09259259259259259,0.4074074074074074,0.5,0.0,17.887698985965635,17.93531854751635,-0.1519432539594554,-0.19956281551016986,-0.8494287279692448,-1.1126806305751673
Nb10.0000 Ta50.0000 Mo40.0000,Ta50.0000 Mo40.7407 Nb9.2593,54,17.13915515551741,13.386023937257043,203.72344491015204,0.1,0.5,0.0,0.4,0.09259259259259259,0.5,0.0,0.4074074074074074,17.4346775180296,17.4346775180296,-0.29552236251218744,-0.29552236251218744,-1.6950262613494342,-1.6950262613494342
Nb10.0000 Ta50.0000 Ti10.0000 Mo30.0000,Ta50.0000 Mo31.4815 Ti9.2593 Nb9.2593,54,17.248278084079953,12.872806342757931,189.97936607129208,0.1,0.5,0.1,0.3,0.09259259259259259,0.5,0.09259259259259259,0.3148148148148148,17.579220181496893,17.588744093807037,-0.3309420974169406,-0.3404660097270842,-1.882575529517945,-1.9357039246876167
Nb10.0000 Ta50.0000 Ti20.0000 Mo20.0000,Ta50.0000 Ti20.3704 Mo20.3704 Nb9.2593,54,17.416621628530613,12.239116797986924,172.6917458743199,0.1,0.5,0.2,0.2,0.09259259259259259,0.5,0.2037037037037037,0.2037037037037037,17.72376284496419,17.74281066958448,-0.3071412164335783,-0.3261890410538655,-1.732934586860857,-1.8384293623390422
Nb10.0000 Ta50.0000 Ti30.0000 Mo10.0000,Ta50.0000 Ti29.6296 Mo11.1111 Nb9.2593,54,17.593535228043592,11.695925009785082,157.40114297709798,0.1,0.5,0.3,0.1,0.09259259259259259,0.5,0.2962962962962963,0.1111111111111111,17.868305508431487,17.896877245361917,-0.2747702803878944,-0.3033420173183252,-1.5377523081762792,-1.6949438338296594
Nb10.0000 Ta50.0000 Ti40.0000,Ta50.0000 Ti40.7407 Nb9.2593,54,17.793562976173536,11.065967606566891,139.4939967456543,0.1,0.5,0.4,0.0,0.09259259259259259,0.5,0.4074074074074074,0.0,18.01284817189878,18.050943821139356,-0.21928519572524507,-0.2573808449658195,-1.2173821354212284,-1.4258581020256806
Nb10.0000 Ta60.0000 Mo30.0000,Ta59.2593 Mo31.4815 Nb9.2593,54,17.3802386869082,13.952363636073434,197.37094092005094,0.1,0.6,0.0,0.3,0.09259259259259259,0.5925925925925926,0.0,0.3148148148148148,17.704369367430044,17.704369367430044,-0.3241306805218436,-0.3241306805218436,-1.8307948382399468,-1.8307948382399468
Nb10.0000 Ta60.0000 Ti10.0000 Mo20.0000,Ta59.2593 Mo22.2222 Nb9.2593 Ti9.2593,54,17.504254675553387,13.431249541639835,184.40528636715356,0.1,0.6,0.1,0.2,0.09259259259259259,0.5925925925925926,0.09259259259259259,0.2222222222222222,17.848912030897342,17.858435943207486,-0.3446573553439549,-0.3541812676540985,-1.9309712252900129,-1.9832714845826827
Nb10.0000 Ta60.0000 Ti20.0000 Mo10.0000,Ta59.2593 Ti20.3704 Mo11.1111 Nb9.2593,54,17.69939385878093,12.782038594562914,165.67661411557972,0.1,0.6,0.2,0.1,0.09259259259259259,0.5925925925925926,0.2037037037037037,0.1111111111111111,17.993454694364637,18.012502518984924,-0.2940608355837071,-0.3131086602039943,-1.6342655736688736,-1.7382851709471363
Nb10.0000 Ta60.0000 Ti30.0000,Ta59.2593 Ti31.4815 Nb9.2593,54,17.89643938533482,12.145692980524426,146.04389495647587,0.1,0.6,0.3,0.0,0.09259259259259259,0.5925925925925926,0.3148148148148148,0.0,18.137997357831935,18.166569094762362,-0.24155797249711597,-0.2701297094275432,-1.3317786287625184,-1.4869605153205556
Nb10.0000 Ta70.0000 Mo20.0000,Ta70.3704 Mo20.3704 Nb9.2593,54,17.689070786200666,14.595437840711991,191.06361608203642,0.1,0.7,0.0,0.2,0.09259259259259259,0.7037037037037037,0.0,0.2037037037037037,17.97406121683049,17.97406121683049,-0.2849904306298221,-0.2849904306298221,-1.5855650383729847,-1.5855650383729847
Nb10.0000 Ta70.0000 Ti10.0000 Mo10.0000,Ta70.3704 Mo11.1111 Nb9.2593 Ti9.2593,54,17.83981207093991,14.057790209278348,177.1813365605224,0.1,0.7,0.1,0.1,0.09259259259259259,0.7037037037037037,0.09259259259259259,0.1111111111111111,18.118603880297783,18.128127792607927,-0.2787918093578732,-0.2883157216680168,-1.5387046993230649,-1.5904329722652482
Nb10.0000 Ta70.0000 Ti20.0000,Ta70.3704 Ti20.3704 Nb9.2593,54,18.03202244024143,13.416057964850229,157.03125840176756,0.1,0.7,0.2,0.0,0.09259259259259259,0.7037037037037037,0.2037037037037037,0.0,18.26314654376508,18.28219436838537,-0.23112410352365131,-0.2501719281439385,-1.2655218144901519,-1.3683911411452354
Nb10.0000 Ta80.0000 Mo10.0000,Ta79.6296 Mo11.1111 Nb9.2593,54,17.95580081936384,15.106538823531709,186.74940638029472,0.1,0.8,0.0,0.1,0.09259259259259259,0.7962962962962963,0.0,0.1111111111111111,18.243753066230937,18.243753066230937,-0.2879522468670963,-0.2879522468670963,-1.5783608001146099,-1.5783608001146099
Nb10.0000 Ta80.0000 Ti10.0000,Ta79.6296 Ti11.1111 Nb9.2593,54,18.15055070111259,14.455777641213569,168.18720169156194,0.1,0.8,0.1,0.0,0.09259259259259259,0.7962962962962963,0.1111111111111111,0.0,18.388295729698235,18.397819642008375,-0.23774502858564617,-0.24726894089578622,-1.2929149720040298,-1.3440122020284866
Nb10.0000 Ta90.0000,Ta90.7407 Nb9.2593,54,18.284073588349617,15.693128977921244,172.73096798262932,0.1,0.9,0.0,0.0,0.09259259259259259,0.9074074074074074,0.0,0.0,18.513444915631382,18.513444915631382,-0.2293713272817648,-0.2293713272817648,-1.23894460661992,-1.23894460661992
Nb20.0000 Mo80.0000,Mo79.6296 Nb20.3704,54,16.280091594702238,9.722670861119596,228.49099998794185,0.2,0.0,0.0,0.8,0.2037037037037037,0.0,0.0,0.7962962962962963,16.313102299829133,16.313102299829133,-0.033010705126894635,-0.033010705126894635,-0.20235700432798975,-0.20235700432798975
Nb20.0000 Ti10.0000 Mo70.0000,Mo70.3704 Nb20.3704 Ti9.2593,54,16.285100392499636,9.265805605960217,214.74000216660338,0.2,0.0,0.1,0.7,0.2037037037037037,0.0,0.09259259259259259,0.7037037037037037,16.457644963296428,16.46716887560657,-0.17254457079679142,-0.18206848310693502,-1.0484159257390564,-1.1056453266635276
Nb20.0000 Ti20.0000 Mo60.0000,Mo59.2593 Nb20.3704 Ti20.3704,54,16.321696087882486,8.70160163265288,197.29571929404577,0.2,0.0,0.2,0.6,0.2037037037037037,0.0,0.2037037037037037,0.5925925925925926,16.602187626763723,16.62123545138401,-0.2804915388812361,-0.2995393635015233,-1.689485417145069,-1.802148609095008
Nb20.0000 Ti30.0000 Mo50.0000,Mo50.0000 Ti29.6296 Nb20.3704,54,16.410314717196826,8.20419973610712,182.0568838995184,0.2,0.0,0.3,0.5,0.2037037037037037,0.0,0.2962962962962963,0.5,16.74673029023102,16.77530202716145,-0.3364155730341949,-0.3649873099646257,-2.008843321674789,-2.1757421080923764
Nb20.0000 Ti40.0000 Mo40.0000,Ti40.7407 Mo38.8889 Nb20.3704,54,16.573690794594185,7.5881602985386625,165.85986466325105,0.2,0.0,0.4,0.4,0.2037037037037037,0.0,0.4074074074074074,0.3888888888888889,16.89127295369832,16.929368602938894,-0.3175821591041341,-0.3556778083447085,-1.8801552729310431,-2.100951409865125
Nb20.0000 Ti50.0000 Mo30.0000,Ti50.0000 Mo29.6296 Nb20.3704,54,16.74752682401335,7.068054052276318,151.20422943287724,0.2,0.0,0.5,0.3,0.2037037037037037,0.0,0.5,0.2962962962962963,17.035815617165614,17.08343517871633,-0.2882887931522653,-0.33590835470297975,-1.6922511937836424,-1.9662810856769402
Nb20.0000 Ti60.0000 Mo20.0000,Ti59.2593 Mo20.3704 Nb20.3704,54,16.942978301003443,6.550266736384812,139.114138536195,0.2,0.0,0.6,0.2,0.2037037037037037,0.0,0.5925925925925926,0.2037037037037037,17.18035828063291,17.23750175449377,-0.23737997962946622,-0.2945234534903278,-1.381694000509059,-1.7086202959401953
Nb20.0000 Ti70.0000 Mo10.0000,Ti70.3704 Nb20.3704 Mo9.2593,54,17.19406351490564,5.938756124017215,126.15632935865698,0.2,0.0,0.7,0.1,0.2037037037037037,0.0,0.7037037037037037,0.09259259259259259,17.324900944100207,17.39156833027121,-0.13083742919456753,-0.1975048153655692,-0.7551987143633435,-1.1356354505522002
Nb20.0000 Ti80.0000,Ti79.6296 Nb20.3704,54,17.403708991293616,5.442515293122289,119.9145694259481,0.2,0.0,0.8,0.0,0.2037037037037037,0.0,0.7962962962962963,0.0,17.469443607567502,17.545634906048647,-0.0657346162738861,-0.14192591475503136,-0.37628339946333983,-0.8088958622187226
Nb20.0000 Ta10.0000 Mo70.0000,Mo70.3704 Nb20.3704 Ta9.2593,54,16.475033996275858,10.400964348133082,222.4948203623303,0.2,0.1,0.0,0.7,0.2037037037037037,0.09259259259259259,0.0,0.7037037037037037,16.582794149229578,16.582794149229578,-0.10776015295371977,-0.10776015295371977,-0.6498310959177299,-0.6498310959177299
Nb20.0000 Ta10.0000 Ti10.0000 Mo60.0000,Mo61.1111 Nb20.3704 Ta9.2593 Ti9.2593,54,16.497405943417952,9.93882578498604,208.20415248271146,0.2,0.1,0.1,0.6,0.2037037037037037,0.09259259259259259,0.09259259259259259,0.6111111111111112,16.727336812696876,16.73686072500702,-0.22993086927892392,-0.23945478158906752,-1.3745814522273205,-1.4307030782140124
Nb20.0000 Ta10.0000 Ti20.0000 Mo50.0000,Mo50.0000 Nb20.3704 Ti20.3704 Ta9.2593,54,16.561491821467307,9.364806507969377,190.6924029474096,0.2,0.1,0.2,0.5,0.2037037037037037,0.09259259259259259,0.2037037037037037,0.5,16.87187947616417,16.89092730078446,-0.31038765469686425,-0.32943547931715145,-1.8396744425264886,-1.950369411049751
Nb20.0000 Ta10.0000 Ti30.0000 Mo40.0000,Mo40.7407 Ti29.6296 Nb20.3704 Ta9.2593,54,16.675105470879853,8.857741199632946,176.59559673742743,0.2,0.1,0.3,0.4,0.2037037037037037,0.09259259259259259,0.2962962962962963,0.4074074074074074,17.016422139631466,17.044993876561897,-0.34131666875161315,-0.36988840568204395,-2.005807483799325,-2.170070628131274
Nb20.0000 Ta10.0000 Ti40.0000 Mo30.0000,Ti40.7407 Mo29.6296 Nb20.3704 Ta9.2593,54,16.86771664434659,8.23075787200299,158.8346527688647,0.2,0.1,0.4,0.3,0.2037037037037037,0.09259259259259259,0.4074074074074074,0.2962962962962963,17.160964803098764,17.199060452339335,-0.29324815875217425,-0.3313438079927451,-1.7088092780146154,-1.92652272437171
Nb20.0000 Ta10.0000 Ti50.0000 Mo20.0000,Ti50.0000 Mo20.3704 Nb20.3704 Ta9.2593,54,17.035890848186185,7.715633721229486,145.50987258382665,0.2,0.1,0.5,0.2,0.2037037037037037,0.09259259259259259,0.5,0.2037037037037037,17.30550746656606,17.353127028116777,-0.2696166183798745,-0.3172361799305925,-1.5579815784123587,-1.8281211185545048
Nb20.0000 Ta10.0000 Ti60.0000 Mo10.0000,Ti59.2593 Nb20.3704 Mo11.1111 Ta9.2593,54,17.25367370989096,7.1898482799413435,132.55963337794861,0.2,0.1,0.6,0.1,0.2037037037037037,0.09259259259259259,0.5925925925925926,0.1111111111111111,17.450050130033357,17.507193603894216,-0.1963764201423963,-0.25351989400325436,-1.1253630716189864,-1.448089852315694
Nb20.0000 Ta10.0000 Ti70.0000,Ti70.3704 Nb20.3704 Ta9.2593,54,17.494746839419193,6.583783127500629,121.84530900041797,0.2,0.1,0.7,0.0,0.2037037037037037,0.09259259259259259,0.7037037037037037,0.0,17.594592793500652,17.661260179671654,-0.09984595408145935,-0.166513340252461,-0.5674809031007635,-0.9428168690030402
Nb20.0000 Ta20.0000 Mo60.0000,Mo59.2593 Nb20.3704 Ta20.3704,54,16.709612323157646,11.193590879949975,214.2444347996066,0.2,0.2,0.0,0.6,0.2037037037037037,0.2037037037037037,0.0,0.5925925925925926,16.852485998630023,16.852485998630023,-0.1428736754723765,-0.1428736754723765,-0.8477899075779741,-0.8477899075779741
Nb20.0000 Ta20.0000 Ti10.0000 Mo50.0000,Mo50.0000 Nb20.3704 Ta20.3704 Ti9.2593,54,16.751294646928336,10.724494448983847,200.32584930125574,0.2,0.2,0.1,0.5,0.2037037037037037,0.2037037037037037,0.09259259259259259,0.5,16.99702866209732,17.006552574407465,-0.24573401516898485,-0.25525792747912845,-1.445746901144914,-1.5009386903213806
Nb20.0000 Ta20.0000 Ti20.0000 Mo40.0000,Mo38.8889 Nb20.3704 Ti20.3704 Ta20.3704,54,16.876513663002115,10.119358339051091,183.22575284402762,0.2,0.2,0.2,0.4,0.2037037037037037,0.2037037037037037,0.2037037037037037,0.3888888888888889,17.14157132556462,17.160619150184907,-0.26505766256250496,-0.28410548718279216,-1.5462856789984178,-1.6555666476621906
Nb20.0000 Ta20.0000 Ti30.0000 Mo30.0000,Mo29.6296 Ti29.6296 Nb20.3704 Ta20.3704,54,16.99942404693323,9.61138984267909,168.4430045063975,0.2,0.2,0.3,0.3,0.2037037037037037,0.2037037037037037,0.2962962962962963,0.2962962962962963,17.286113989031914,17.31468572596234,-0.28668994209868615,-0.3152616790291134,-1.6584985051041066,-1.8207762128561031
Nb20.0000 Ta20.0000 Ti40.0000 Mo20.0000,Ti40.7407 Ta20.3704 Nb20.3704 Mo18.5185,54,17.216230627006716,8.975159416674714,150.82355649872855,0.2,0.2,0.4,0.2,0.2037037037037037,0.2037037037037037,0.4074074074074074,0.18518518518518517,17.43065665249921,17.468752301739784,-0.214426025492493,-0.2525216747330674,-1.230166079037238,-1.445562169359501
Nb20.0000 Ta20.0000 Ti50.0000 Mo10.0000,Ti50.0000 Nb20.3704 Ta20.3704 Mo9.2593,54,17.3873036051264,8.461750028596914,138.25628545908464,0.2,0.2,0.5,0.1,0.2037037037037037,0.2037037037037037,0.5,0.09259259259259259,17.575199315966508,17.622818877517222,-0.18789571084010603,-0.23551527239082048,-1.069095760805448,-1.3364222490607636
Nb20.0000 Ta20.0000 Ti60.0000,Ti59.2593 Nb20.3704 Ta20.3704,54,17.593393198313372,7.94250532282631,127.75327170609147,0.2,0.2,0.6,0.0,0.2037037037037037,0.2037037037037037,0.5925925925925926,0.0,17.719741979433802,17.77688545329466,-0.1263487811204307,-0.18349225498128874,-0.7130396213843059,-1.0321957435309985
Nb20.0000 Ta30.0000 Mo50.0000,Mo50.0000 Ta29.6296 Nb20.3704,54,16.916270747598716,11.829488671537094,207.7463836586975,0.2,0.3,0.0,0.5,0.2037037037037037,0.2962962962962963,0.0,0.5,17.122177848030468,17.122177848030468,-0.20590710043175164,-0.20590710043175164,-1.2025754098532317,-1.2025754098532317
Nb20.0000 Ta30.0000 Ti10.0000 Mo40.0000,Mo40.7407 Ta29.6296 Nb20.3704 Ti9.2593,54,16.977428897184215,11.351508917325836,193.95613524519746,0.2,0.3,0.1,0.4,0.2037037037037037,0.2962962962962963,0.09259259259259259,0.4074074074074074,17.266720511497766,17.27624442380791,-0.28929161431355155,-0.29881552662369515,-1.675428835029296,-1.7296324322195038
Nb20.0000 Ta30.0000 Ti20.0000 Mo30.0000,Ta29.6296 Mo29.6296 Ti20.3704 Nb20.3704,54,17.136475685160843,10.728562962009109,177.0803442359023,0.2,0.3,0.2,0.3,0.2037037037037037,0.2962962962962963,0.2037037037037037,0.2962962962962963,17.41126317496506,17.43031099958535,-0.2747874898042184,-0.2938353144245056,-1.5782168533258634,-1.6857720693078608
Nb20.0000 Ta30.0000 Ti30.0000 Mo20.0000,Ta29.6296 Ti29.6296 Mo20.3704 Nb20.3704,54,17.281664919772734,10.210726888910505,162.0302590254496,0.2,0.3,0.3,0.2,0.2037037037037037,0.2962962962962963,0.2962962962962963,0.2037037037037037,17.55580583843236,17.584377575362787,-0.27414091865962575,-0.302712655590053,-1.561539932615848,-1.7214863266708926
Nb20.0000 Ta30.0000 Ti40.0000 Mo10.0000,Ti40.7407 Ta29.6296 Nb20.3704 Mo9.2593,54,17.50237486631799,9.575196781981344,145.0894252116624,0.2,0.3,0.4,0.1,0.2037037037037037,0.2962962962962963,0.4074074074074074,0.09259259259259259,17.700348501899654,17.73844415114023,-0.1979736355816648,-0.2360692848222392,-1.1184730942468035,-1.3308342197929723
Nb20.0000 Ta30.0000 Ti50.0000,Ti50.0000 Ta29.6296 Nb20.3704,54,17.69110308971754,9.055245737411814,132.47548810584794,0.2,0.3,0.5,0.0,0.2037037037037037,0.2962962962962963,0.5,0.0,17.844891165366953,17.892510726917667,-0.15378807564941255,-0.201407637200127,-0.861804503172772,-1.1256532986012264
Nb20.0000 Ta40.0000 Mo40.0000,Ta40.7407 Mo38.8889 Nb20.3704,54,17.179639542516284,12.561099173109747,200.2773062840109,0.2,0.4,0.0,0.4,0.2037037037037037,0.4074074074074074,0.0,0.3888888888888889,17.39186969743092,17.39186969743092,-0.2122301549146357,-0.2122301549146357,-1.220283722261246,-1.220283722261246
Nb20.0000 Ta40.0000 Ti10.0000 Mo30.0000,Ta40.7407 Mo29.6296 Nb20.3704 Ti9.2593,54,17.286872780446675,12.055607803965021,186.33290161756503,0.2,0.4,0.1,0.3,0.2037037037037037,0.4074074074074074,0.09259259259259259,0.2962962962962963,17.536412360898215,17.54593627320836,-0.24953958045153968,-0.2590634927616833,-1.4229796569334223,-1.4764871405423854
Nb20.0000 Ta40.0000 Ti20.0000 Mo20.0000,Ta40.7407 Ti20.3704 Nb20.3704 Mo18.5185,54,17.459494654013547,11.428399570990406,168.5596120181545,0.2,0.4,0.2,0.2,0.2037037037037037,0.4074074074074074,0.2037037037037037,0.18518518518518517,17.68095502436551,17.700002848985797,-0.22146037035196287,-0.24050819497225007,-1.2525362461856615,-1.358803142712664
Nb20.0000 Ta40.0000 Ti30.0000 Mo10.0000,Ta40.7407 Ti29.6296 Nb20.3704 Mo9.2593,54,17.632477808550465,10.897089203579837,153.88815467532453,0.2,0.4,0.3,0.1,0.2037037037037037,0.4074074074074074,0.2962962962962963,0.09259259259259259,17.825497687832808,17.854069424763235,-0.19301987928234254,-0.2215916162127698,-1.0828302393716198,-1.2411266638485603
Nb20.0000 Ta40.0000 Ti40.0000,Ta40.7407 Ti38.8889 Nb20.3704,54,17.796223713794706,10.381488167233213,138.5490221246126,0.2,0.4,0.4,0.0,0.2037037037037037,0.4074074074074074,0.3888888888888889,0.0,17.970040351300103,18.008136000540677,-0.17381663750539644,-0.21191228674597085,-0.9672579143252792,-1.1767585870053867
Nb20.0000 Ta50.0000 Mo30.0000,Ta50.0000 Mo29.6296 Nb20.3704,54,17.41817191078038,13.13946298667271,193.92025188061365,0.2,0.5,0.0,0.3,0.2037037037037037,0.5,0.0,0.2962962962962963,17.66156154683136,17.66156154683136,-0.2433896360509813,-0.2433896360509813,-1.3780754063314833,-1.3780754063314833
Nb20.0000 Ta50.0000 Ti10.0000 Mo20.0000,Ta50.0000 Mo20.3704 Nb20.3704 Ti9.2593,54,17.54683365468649,12.621879925574342,180.36467521676815,0.2,0.5,0.1,0.2,0.2037037037037037,0.5,0.09259259259259259,0.2037037037037037,17.80610421029866,17.815628122608803,-0.2592705556121686,-0.2687944679223122,-1.4560768180959662,-1.508756615665997
Nb20.0000 Ta50.0000 Ti20.0000 Mo10.0000,Ta50.0000 Nb20.3704 Ti20.3704 Mo9.2593,54,17.745722955289793,11.980596722639525,162.1566351790076,0.2,0.5,0.2,0.1,0.2037037037037037,0.5,0.2037037037037037,0.09259259259259259,17.950646873765955,17.969694698386242,-0.20492391847616176,-0.22397174309644896,-1.1415962885195443,-1.2463859117014526
Nb20.0000 Ta50.0000 Ti30.0000,Ta50.0000 Ti29.6296 Nb20.3704,54,17.906939937275766,11.459967663046298,145.65495853373343,0.2,0.5,0.3,0.0,0.2037037037037037,0.5,0.2962962962962963,0.0,18.095189537233253,18.12376127416368,-0.18824959995748713,-0.21682133688791438,-1.040329528298881,-1.1963374136747429
Nb20.0000 Ta60.0000 Mo20.0000,Ta59.2593 Nb20.3704 Mo20.3704,54,17.675496073242076,13.687632481717438,188.6635300361287,0.2,0.6,0.0,0.2,0.2037037037037037,0.5925925925925926,0.0,0.2037037037037037,17.93125339623181,17.93125339623181,-0.25575732298973364,-0.25575732298973364,-1.4263215032334557,-1.4263215032334557
Nb20.0000 Ta60.0000 Ti10.0000 Mo10.0000,Ta59.2593 Nb20.3704 Mo11.1111 Ti9.2593,54,17.82472257989652,13.158370093983109,174.4828475755955,0.2,0.6,0.1,0.1,0.2037037037037037,0.5925925925925926,0.09259259259259259,0.1111111111111111,18.075796059699105,18.08531997200925,-0.2510734798025851,-0.2605973921127287,-1.3890037206293007,-1.4409332680652416
Nb20.0000 Ta60.0000 Ti20.0000,Ta59.2593 Nb20.3704 Ti20.3704,54,18.024943719193974,12.520128931336366,154.8756417052876,0.2,0.6,0.2,0.0,0.2037037037037037,0.5925925925925926,0.2037037037037037,0.0,18.2203387231664,18.239386547786687,-0.19539500397242549,-0.2144428285927127,-1.0724005022145329,-1.1757129442422771
Nb20.0000 Ta70.0000 Mo10.0000,Ta70.3704 Nb20.3704 Mo9.2593,54,17.992058196851005,14.318540671801394,182.52341483225172,0.2,0.7,0.0,0.1,0.2037037037037037,0.7037037037037037,0.0,0.09259259259259259,18.200945245632255,18.200945245632255,-0.20888704878124997,-0.20888704878124997,-1.1476714311383214,-1.1476714311383214
Nb20.0000 Ta70.0000 Ti10.0000,Ta70.3704 Nb20.3704 Ti9.2593,54,18.156282711047147,13.781930111446016,166.96184367095165,0.2,0.7,0.1,0.0,0.2037037037037037,0.7037037037037037,0.09259259259259259,0.0,18.345487909099553,18.355011821409693,-0.18920519805240588,-0.19872911036254592,-1.031344595411704,-1.0826967168212003
Nb20.0000 Ta80.0000,Ta79.6296 Nb20.3704,54,18.254932497217112,14.82833673406738,180.70180489611673,0.2,0.8,0.0,0.0,0.2037037037037037,0.7962962962962963,0.0,0.0,18.4706370950327,18.4706370950327,-0.21570459781558782,-0.21570459781558782,-1.1678243511892568,-1.1678243511892568
Nb30.0000 Mo70.0000,Mo70.3704 Nb29.6296,54,16.474550965612632,9.579595974693857,220.12666482921315,0.3,0.0,0.0,0.7,0.2962962962962963,0.0,0.0,0.7037037037037037,16.539986328630896,16.539986328630896,-0.06543536301826336,-0.06543536301826336,-0.3956192086144233,-0.3956192086144233
Nb30.0000 Ti10.0000 Mo60.0000,Mo61.1111 Nb29.6296 Ti9.2593,54,16.490586888035835,9.122061299739913,206.54810142087538,0.3,0.0,0.1,0.6,0.2962962962962963,0.0,0.09259259259259259,0.6111111111111112,16.684528992098194,16.694052904408338,-0.19394210406235857,-0.20346601637250217,-1.1624068270324543,-1.2187934082727967
Nb30.0000 Ti20.0000 Mo50.0000,Mo50.0000 Nb29.6296 Ti20.3704,54,16.54323853458547,8.556877601742906,189.20116989650643,0.3,0.0,0.2,0.5,0.2962962962962963,0.0,0.2037037037037037,0.5,16.82907165556549,16.848119480185776,-0.2858331209800191,-0.3048809456003063,-1.698448534952266,-1.8095844225158864
Nb30.0000 Ti30.0000 Mo40.0000,Mo40.7407 Nb29.6296 Ti29.6296,54,16.661213387686743,8.052658981147049,174.64908194705308,0.3,0.0,0.3,0.4,0.2962962962962963,0.0,0.2962962962962963,0.4074074074074074,16.973614319032784,17.002186055963215,-0.3124009313460405,-0.3409726682764713,-1.8405091895822117,-2.0054636924578366
Nb30.0000 Ti40.0000 Mo30.0000,Ti40.7407 Mo29.6296 Nb29.6296,54,16.852810227069867,7.434807058910459,157.44643432470056,0.3,0.0,0.4,0.3,0.2962962962962963,0.0,0.4074074074074074,0.2962962962962963,17.118156982500082,17.156252631740653,-0.26534675543021535,-0.3034424046707862,-1.5500895084761739,-1.7686986265834632
Nb30.0000 Ti50.0000 Mo20.0000,Ti50.0000 Nb29.6296 Mo20.3704,54,17.014507003863432,6.929733242238724,143.92589927989283,0.3,0.0,0.5,0.2,0.2962962962962963,0.0,0.5,0.2037037037037037,17.262699645967377,17.310319207518095,-0.24819264210394465,-0.29581220365466265,-1.437739445127421,-1.708877809290701
Nb30.0000 Ti60.0000 Mo10.0000,Ti59.2593 Nb29.6296 Mo11.1111,54,17.2333324463408,6.412839622015214,131.8602718284516,0.3,0.0,0.6,0.1,0.2962962962962963,0.0,0.5925925925925926,0.1111111111111111,17.407242309434675,17.464385783295533,-0.17390986309387557,-0.23105333695473362,-0.9990661358210481,-1.3229972117068856
Nb30.0000 Ti70.0000,Ti70.3704 Nb29.6296,54,17.477814622312295,5.815653852800815,120.29163564956922,0.3,0.0,0.7,0.0,0.2962962962962963,0.0,0.7037037037037037,0.0,17.55178497290197,17.618452359072972,-0.0739703505896756,-0.14063773676067726,-0.4214406153213346,-0.7982411502123401
Nb30.0000 Ta10.0000 Mo60.0000,Mo61.1111 Nb29.6296 Ta9.2593,54,16.665863533180314,10.253882785024658,214.12354876899857,0.3,0.1,0.0,0.6,0.2962962962962963,0.09259259259259259,0.0,0.6111111111111112,16.80967817803134,16.80967817803134,-0.14381464485102669,-0.14381464485102669,-0.8555466876158213,-0.8555466876158213
Nb30.0000 Ta10.0000 Ti10.0000 Mo50.0000,Mo51.8519 Nb29.6296 Ti9.2593 Ta9.2593,54,16.697640314672476,9.791707717111251,199.93908945566832,0.3,0.1,0.1,0.5,0.2962962962962963,0.09259259259259259,0.09259259259259259,0.5185185185185185,16.95422084149864,16.963744753808783,-0.2565805268261627,-0.2661044391363063,-1.5133725650083176,-1.5686656631435065
Nb30.0000 Ta10.0000 Ti20.0000 Mo40.0000,Mo40.7407 Nb29.6296 Ti20.3704 Ta9.2593,54,16.79976014784605,9.20422285684157,182.78209823800526,0.3,0.1,0.2,0.4,0.2962962962962963,0.09259259259259259,0.2037037037037037,0.4074074074074074,17.098763504965937,17.117811329586225,-0.29900335711988646,-0.31805118174017366,-1.7486840907124537,-1.8580131280595302
Nb30.0000 Ta10.0000 Ti30.0000 Mo30.0000,Mo31.4815 Ti29.6296 Nb29.6296 Ta9.2593,54,16.92977446930469,8.696946256165123,167.91851218597031,0.3,0.1,0.3,0.3,0.2962962962962963,0.09259259259259259,0.2962962962962963,0.3148148148148148,17.243306168433232,17.27187790536366,-0.31353169912854284,-0.3421034360589701,-1.818280647956685,-1.9806962389001852
Nb30.0000 Ta10.0000 Ti40.0000 Mo20.0000,Ti40.7407 Nb29.6296 Mo20.3704 Ta9.2593,54,17.14747328607607,8.06927406712624,150.87602158728663,0.3,0.1,0.4,0.2,0.2962962962962963,0.09259259259259259,0.4074074074074074,0.2037037037037037,17.387848831900527,17.4259444811411,-0.24037554582445608,-0.2784711950650305,-1.3824340673094209,-1.598026410369898
Nb30.0000 Ta10.0000 Ti50.0000 Mo10.0000,Ti50.0000 Nb29.6296 Mo11.1111 Ta9.2593,54,17.327610837659744,7.558818412847143,137.79871258040868,0.3,0.1,0.5,0.1,0.2962962962962963,0.09259259259259259,0.5,0.1111111111111111,17.532391495367825,17.58001105691854,-0.2047806577080813,-0.25240021925879574,-1.1680132614092362,-1.4357227560415253
Nb30.0000 Ta10.0000 Ti60.0000,Ti61.1111 Nb29.6296 Ta9.2593,54,17.562636879618488,6.952634020896474,126.03341830409936,0.3,0.1,0.6,0.0,0.2962962962962963,0.09259259259259259,0.6111111111111112,0.0,17.67693415883512,17.73407763269598,-0.11429727921663257,-0.17144075307749063,-0.6465899470441008,-0.9667305885782782
Nb30.0000 Ta20.0000 Mo50.0000,Mo50.0000 Nb29.6296 Ta20.3704,54,16.903782833345787,11.037419014331386,206.30557533541557,0.3,0.2,0.0,0.5,0.2962962962962963,0.2037037037037037,0.0,0.5,17.07937002743179,17.07937002743179,-0.17558719408600254,-0.17558719408600254,-1.0280659872348081,-1.0280659872348081
Nb30.0000 Ta20.0000 Ti10.0000 Mo40.0000,Mo40.7407 Nb29.6296 Ta20.3704 Ti9.2593,54,16.97420627271234,10.556177621879808,191.8972394927743,0.3,0.2,0.1,0.4,0.2962962962962963,0.2037037037037037,0.09259259259259259,0.4074074074074074,17.223912690899084,17.233436603209228,-0.24970641818674366,-0.25923033049688726,-1.4497659310516922,-1.5042288805508075
Nb30.0000 Ta20.0000 Ti20.0000 Mo30.0000,Mo29.6296 Nb29.6296 Ti20.3704 Ta20.3704,54,17.1214067540519,9.947375333537149,174.83390536272904,0.3,0.2,0.2,0.3,0.2962962962962963,0.2037037037037037,0.2037037037037037,0.2962962962962963,17.368455354366382,17.38750317898667,-0.24704860031448206,-0.26609642493476926,-1.4223982229506362,-1.5303889362122731
Nb30.0000 Ta20.0000 Ti30.0000 Mo20.0000,Ti29.6296 Nb29.6296 Mo20.3704 Ta20.3704,54,17.26085448524178,9.43879468460212,159.85341219181043,0.3,0.2,0.3,0.2,0.2962962962962963,0.2037037037037037,0.2962962962962963,0.2037037037037037,17.512998017833677,17.541569754764108,-0.2521435325918979,-0.2807152695223287,-1.4397508201344933,-1.6002859119611537
Nb30.0000 Ta20.0000 Ti40.0000 Mo10.0000,Ti40.7407 Nb29.6296 Ta20.3704 Mo9.2593,54,17.500532482025616,8.802702691518,143.25154262081503,0.3,0.2,0.4,0.1,0.2962962962962963,0.2037037037037037,0.4074074074074074,0.09259259259259259,17.657540681300972,17.695636330541546,-0.15700819927535647,-0.19510384851593088,-0.8891849783000949,-1.1025534480452337
Nb30.0000 Ta20.0000 Ti50.0000,Ti50.0000 Nb29.6296 Ta20.3704,54,17.666062336840852,8.301826628504381,131.3576477805793,0.3,0.2,0.5,0.0,0.2962962962962963,0.2037037037037037,0.5,0.0,17.80208334476827,17.84970290631899,-0.13602100792741822,-0.18364056947813623,-0.7640735373109715,-1.0288158320726195
Nb30.0000 Ta30.0000 Mo40.0000,Mo40.7407 Nb29.6296 Ta29.6296,54,17.11948959685178,11.661819822069317,199.70291383812526,0.3,0.3,0.0,0.4,0.2962962962962963,0.2962962962962963,0.0,0.4074074074074074,17.349061876832238,17.349061876832238,-0.22957227998045937,-0.22957227998045937,-1.3232547189599217,-1.3232547189599217
Nb30.0000 Ta30.0000 Ti10.0000 Mo30.0000,Mo31.4815 Nb29.6296 Ta29.6296 Ti9.2593,54,17.228711691114185,11.158872985825736,185.79079112228536,0.3,0.3,0.1,0.3,0.2962962962962963,0.2962962962962963,0.09259259259259259,0.3148148148148148,17.493604540299533,17.503128452609676,-0.2648928491853475,-0.2744167614954911,-1.5142268054312145,-1.5678155036025927
Nb30.0000 Ta30.0000 Ti20.0000 Mo20.0000,Ta29.6296 Nb29.6296 Mo20.3704 Ti20.3704,54,17.401608512730814,10.538297545995666,168.71406440400017,0.3,0.3,0.2,0.2,0.2962962962962963,0.2962962962962963,0.2037037037037037,0.2037037037037037,17.638147203766827,17.657195028387115,-0.23653869103601366,-0.25558651565630086,-1.3410631417425642,-1.4474921710124378
Nb30.0000 Ta30.0000 Ti30.0000 Mo10.0000,Nb29.6296 Ti29.6296 Ta29.6296 Mo11.1111,54,17.556051952295437,10.024573355705762,153.66897578884596,0.3,0.3,0.3,0.1,0.2962962962962963,0.2962962962962963,0.2962962962962963,0.1111111111111111,17.782689867234126,17.811261604164553,-0.22663791493868857,-0.2552096518691158,-1.2744861246007844,-1.4328555581343199
Nb30.0000 Ta30.0000 Ti40.0000,Ti40.7407 Nb29.6296 Ta29.6296,54,17.776504217212718,9.401300244739874,136.8471234623689,0.3,0.3,0.4,0.0,0.2962962962962963,0.2962962962962963,0.4074074074074074,0.0,17.92723253070142,17.965328179941995,-0.15072831348870253,-0.18882396272927693,-0.8407784817348221,-1.051046553884253
Nb30.0000 Ta40.0000 Mo30.0000,Ta40.7407 Nb29.6296 Mo29.6296,54,17.403266909307245,12.3728910856139,192.32098399074764,0.3,0.4,0.0,0.3,0.2962962962962963,0.4074074074074074,0.0,0.2962962962962963,17.61875372623268,17.61875372623268,-0.21548681692543425,-0.21548681692543425,-1.2230536862808548,-1.2230536862808548
Nb30.0000 Ta40.0000 Ti10.0000 Mo20.0000,Ta40.7407 Nb29.6296 Mo20.3704 Ti9.2593,54,17.530398879773653,11.86152863805746,178.60289026316988,0.3,0.4,0.1,0.2,0.2962962962962963,0.4074074074074074,0.09259259259259259,0.2037037037037037,17.763296389699978,17.77282030201012,-0.23289750992632463,-0.24242142223646823,-1.3111165000960627,-1.364000862648964
Nb30.0000 Ta40.0000 Ti20.0000 Mo10.0000,Ta40.7407 Nb29.6296 Ti20.3704 Mo9.2593,54,17.73843970466333,11.222387903272363,160.13659244027932,0.3,0.4,0.2,0.1,0.2962962962962963,0.4074074074074074,0.2037037037037037,0.09259259259259259,17.907839053167272,17.92688687778756,-0.16939934850394067,-0.18844717312422787,-0.945950809592405,-1.0511985399859065
Nb30.0000 Ta40.0000 Ti30.0000,Ta40.7407 Ti29.6296 Nb29.6296,54,17.899262126943626,10.70861201715626,144.9161838528806,0.3,0.4,0.3,0.0,0.2962962962962963,0.4074074074074074,0.2962962962962963,0.0,18.05238171663457,18.080953453564998,-0.1531195896909452,-0.18169132662137244,-0.8481960557584012,-1.004876911430512
Nb30.0000 Ta50.0000 Mo20.0000,Ta50.0000 Nb29.6296 Mo20.3704,54,17.6581677389928,12.934467405910532,186.54002513763453,0.3,0.5,0.0,0.2,0.2962962962962963,0.5,0.0,0.2037037037037037,17.888445575633128,17.888445575633128,-0.23027783664032953,-0.23027783664032953,-1.2872993109809614,-1.2872993109809614
Nb30.0000 Ta50.0000 Ti10.0000 Mo10.0000,Ta50.0000 Nb29.6296 Mo11.1111 Ti9.2593,54,17.8105777307575,12.408783182407305,172.22428011956958,0.3,0.5,0.1,0.1,0.2962962962962963,0.5,0.09259259259259259,0.1111111111111111,18.032988239100423,18.042512151410566,-0.22241050834292153,-0.23193442065306513,-1.23335359283757,-1.285488510173637
Nb30.0000 Ta50.0000 Ti20.0000,Ta50.0000 Nb29.6296 Ti20.3704,54,18.000383312273446,11.78518904568389,152.7769894692105,0.3,0.5,0.2,0.0,0.2962962962962963,0.5,0.2037037037037037,0.0,18.177530902567717,18.196578727188005,-0.17714759029427185,-0.19619541491455905,-0.97454154386418,-1.0781994673615107
Nb30.0000 Ta60.0000 Mo10.0000,Ta59.2593 Nb29.6296 Mo11.1111,54,17.921916356029417,13.47340648938151,181.00698870480102,0.3,0.6,0.0,0.1,0.2962962962962963,0.5925925925925926,0.0,0.1111111111111111,18.158137425033573,18.158137425033573,-0.23622106900415574,-0.23622106900415574,-1.3009102391663334,-1.3009102391663334
Nb30.0000 Ta60.0000 Ti10.0000,Ta59.2593 Nb29.6296 Ti11.1111,54,18.120911429270194,12.835976151470073,162.5300858465442,0.3,0.6,0.1,0.0,0.2962962962962963,0.5925925925925926,0.1111111111111111,0.0,18.30268008850087,18.31220400081101,-0.1817686592306771,-0.19129257154081714,-0.9931259157224626,-1.0446179582334556
Nb30.0000 Ta70.0000,Ta70.3704 Nb29.6296,54,18.242013399615413,14.096776566195938,176.68076929433693,0.3,0.7,0.0,0.0,0.2962962962962963,0.7037037037037037,0.0,0.0,18.427829274434018,18.427829274434018,-0.18581587481860495,-0.18581587481860495,-1.0083438046411572,-1.0083438046411572
Nb40.0000 Mo60.0000,Mo59.2593 Nb40.7407,54,16.70168889815188,9.415803815718045,210.75232647672544,0.4,0.0,0.0,0.6,0.4074074074074074,0.0,0.0,0.5925925925925926,16.76687035743266,16.76687035743266,-0.06518145928077956,-0.06518145928077956,-0.38875149560564826,-0.38875149560564826
Nb40.0000 Ti10.0000 Mo50.0000,Mo50.0000 Nb40.7407 Ti9.2593,54,16.728414494972615,8.958914094786012,196.7891362653011,0.4,0.0,0.1,0.5,0.4074074074074074,0.0,0.09259259259259259,0.5,16.911413020899957,16.9209369332101,-0.18299852592734211,-0.19252243823748572,-1.0821007428603602,-1.137776465909692
Nb40.0000 Ti20.0000 Mo40.0000,Nb40.7407 Mo38.8889 Ti20.3704,54,16.835010401920684,8.375329022777477,179.06185023677912,0.4,0.0,0.2,0.4,0.4074074074074074,0.0,0.2037037037037037,0.3888888888888889,17.055955684367255,17.075003508987542,-0.2209452824465714,-0.2399931070668586,-1.2954142619465188,-1.405523032194615
Nb40.0000 Ti30.0000 Mo30.0000,Nb40.7407 Ti29.6296 Mo29.6296,54,16.985042229969498,7.866177296191841,165.34013906203202,0.4,0.0,0.3,0.3,0.4074074074074074,0.0,0.2962962962962963,0.2962962962962963,17.20049834783455,17.229070084764977,-0.21545611786505248,-0.24402785479547973,-1.2526155551311526,-1.4163727560158017
Nb40.0000 Ti40.0000 Mo20.0000,Ti40.7407 Nb40.7407 Mo18.5185,54,17.191909365212236,7.255603419605399,148.20050959120786,0.4,0.0,0.4,0.2,0.4074074074074074,0.0,0.4074074074074074,0.18518518518518517,17.345041011301845,17.38313666054242,-0.1531316460896086,-0.191227295330183,-0.8828554858407637,-1.1000735889296978
Nb40.0000 Ti50.0000 Mo10.0000,Ti50.0000 Nb40.7407 Mo9.2593,54,17.367709048069994,6.756577876867347,135.21759187764445,0.4,0.0,0.5,0.1,0.4074074074074074,0.0,0.5,0.09259259259259259,17.489583674769143,17.537203236319858,-0.1218746266991495,-0.16949418824986395,-0.6968412111202424,-0.9664835719006694
Nb40.0000 Ti60.0000,Ti59.2593 Nb40.7407,54,17.548877757840746,6.265636047479442,125.06824778969968,0.4,0.0,0.6,0.0,0.4074074074074074,0.0,0.5925925925925926,0.0,17.634126338236438,17.691269812097296,-0.08524858039569239,-0.14239205425655044,-0.48342956583477653,-0.804871870526686
Nb40.0000 Ta10.0000 Mo50.0000,Mo50.0000 Nb40.7407 Ta9.2593,54,16.89967377169792,10.078898410854782,204.52741276308836,0.4,0.1,0.0,0.5,0.4074074074074074,0.09259259259259259,0.0,0.5,17.036562206833107,17.036562206833107,-0.13688843513518734,-0.13688843513518734,-0.8034979913980737,-0.8034979913980737
Nb40.0000 Ta10.0000 Ti10.0000 Mo40.0000,Mo40.7407 Nb40.7407 Ta9.2593 Ti9.2593,54,16.953020789058304,9.61118962190925,190.18419404680515,0.4,0.1,0.1,0.4,0.4074074074074074,0.09259259259259259,0.09259259259259259,0.4074074074074074,17.181104870300402,17.190628782610545,-0.22808408124209834,-0.23760799355224194,-1.327528601704591,-1.3821948955851928
Nb40.0000 Ta10.0000 Ti20.0000 Mo30.0000,Nb40.7407 Mo29.6296 Ti20.3704 Ta9.2593,54,17.101545300547563,9.009070091368308,172.53738128793074,0.4,0.1,0.2,0.3,0.4074074074074074,0.09259259259259259,0.2037037037037037,0.2962962962962963,17.3256475337677,17.344695358387987,-0.22410223322013678,-0.24315005784042398,-1.2934710392980195,-1.4018698675087153
Nb40.0000 Ta10.0000 Ti30.0000 Mo20.0000,Nb40.7407 Ti29.6296 Mo20.3704 Ta9.2593,54,17.2552290589465,8.500473805856108,158.54198466882173,0.4,0.1,0.3,0.2,0.4074074074074074,0.09259259259259259,0.2962962962962963,0.2037037037037037,17.470190197234995,17.498761934165426,-0.21496113828849417,-0.24353287521892497,-1.2304453235003476,-1.3917148889455981
Nb40.0000 Ta10.0000 Ti40.0000 Mo10.0000,Ti40.7407 Nb40.7407 Mo9.2593 Ta9.2593,54,17.455993615404484,7.894591879521777,141.36163395422966,0.4,0.1,0.4,0.1,0.4074074074074074,0.09259259259259259,0.4074074074074074,0.09259259259259259,17.61473286070229,17.652828509942864,-0.1587392452978058,-0.1968348945383802,-0.9011731631306554,-1.1150331768504633
Nb40.0000 Ta10.0000 Ti50.0000,Ti50.0000 Nb40.7407 Ta9.2593,54,17.63949013850377,7.39344203077386,129.69614118969434,0.4,0.1,0.5,0.0,0.4074074074074074,0.09259259259259259,0.5,0.0,17.75927552416959,17.806895085720306,-0.11978538566581776,-0.16740494721653576,-0.67449477599914,-0.9401130652517913
Nb40.0000 Ta20.0000 Mo40.0000,Nb40.7407 Mo38.8889 Ta20.3704,54,17.148164878199704,10.847482475309079,196.69796678115472,0.4,0.2,0.0,0.4,0.4074074074074074,0.2037037037037037,0.0,0.3888888888888889,17.306254056233556,17.306254056233556,-0.15808917803385114,-0.15808917803385114,-0.9134800490052257,-0.9134800490052257
Nb40.0000 Ta20.0000 Ti10.0000 Mo30.0000,Nb40.7407 Mo29.6296 Ta20.3704 Ti9.2593,54,17.255241885988713,10.35181201900755,182.75469855629174,0.4,0.2,0.1,0.3,0.4074074074074074,0.2037037037037037,0.09259259259259259,0.2962962962962963,17.45079671970085,17.460320632010994,-0.1955548337121371,-0.2050787460222807,-1.1206069089749238,-1.1745416956793924
Nb40.0000 Ta20.0000 Ti20.0000 Mo20.0000,Nb40.7407 Ti20.3704 Ta20.3704 Mo18.5185,54,17.434183081265378,9.73681086005172,165.37180626945707,0.4,0.2,0.2,0.2,0.4074074074074074,0.2037037037037037,0.2037037037037037,0.18518518518518517,17.595339383168145,17.614387207788432,-0.16115630190276775,-0.18020412652305495,-0.9159033445920984,-1.023050784550571
Nb40.0000 Ta20.0000 Ti30.0000 Mo10.0000,Nb40.7407 Ti29.6296 Ta20.3704 Mo9.2593,54,17.59572206953214,9.227353379786047,149.65492301578183,0.4,0.2,0.3,0.1,0.4074074074074074,0.2037037037037037,0.2962962962962963,0.09259259259259259,17.739882046635444,17.76845378356587,-0.1441599771033033,-0.17273171403373055,-0.8126321061455127,-0.9721257467742689
Nb40.0000 Ta20.0000 Ti40.0000,Nb40.7407 Ti38.8889 Ta20.3704,54,17.77900407452134,8.71649206022943,136.43667310865197,0.4,0.2,0.4,0.0,0.4074074074074074,0.2037037037037037,0.3888888888888889,0.0,17.88442471010274,17.922520359343313,-0.10542063558139958,-0.14351628482197398,-0.5894549994769945,-0.8007595022602751
Nb40.0000 Ta30.0000 Mo30.0000,Nb40.7407 Mo29.6296 Ta29.6296,54,17.386518638433852,11.450520440893236,190.10679196250177,0.4,0.3,0.0,0.3,0.4074074074074074,0.2962962962962963,0.0,0.2962962962962963,17.575945905633997,17.575945905633997,-0.1894272672001449,-0.1894272672001449,-1.0777642820317495,-1.0777642820317495
Nb40.0000 Ta30.0000 Ti10.0000 Mo20.0000,Nb40.7407 Ta29.6296 Mo20.3704 Ti9.2593,54,17.52736009640465,10.936803281114662,176.05441995637477,0.4,0.3,0.1,0.2,0.4074074074074074,0.2962962962962963,0.09259259259259259,0.2037037037037037,17.720488569101295,17.73001248141144,-0.19312847269664601,-0.20265238500678961,-1.0898597515725303,-1.142990650566406
Nb40.0000 Ta30.0000 Ti20.0000 Mo10.0000,Nb40.7407 Ta29.6296 Ti20.3704 Mo9.2593,54,17.720465849606178,10.317088375599,158.4035263002395,0.4,0.3,0.2,0.1,0.4074074074074074,0.2962962962962963,0.2037037037037037,0.09259259259259259,17.86503123256859,17.884079057188877,-0.14456538296241206,-0.16361320758269926,-0.809208677446162,-0.9148539718455982
Nb40.0000 Ta30.0000 Ti30.0000,Nb40.7407 Ta29.6296 Ti29.6296,54,17.87270397287395,9.81565043765674,142.68483350842888,0.4,0.3,0.3,0.0,0.4074074074074074,0.2962962962962963,0.2962962962962963,0.0,18.00957389603589,18.038145632966316,-0.1368699231619388,-0.16544166009236605,-0.7599842392277,-0.9171766514070421
Nb40.0000 Ta40.0000 Mo20.0000,Nb40.7407 Ta40.7407 Mo18.5185,54,17.69348316610655,12.138311486074075,183.1032501170322,0.4,0.4,0.0,0.2,0.4074074074074074,0.4074074074074074,0.0,0.18518518518518517,17.845637755034446,17.845637755034446,-0.15215458892789613,-0.15215458892789613,-0.8526150256802769,-0.8526150256802769
Nb40.0000 Ta40.0000 Ti10.0000 Mo10.0000,Ta40.7407 Nb40.7407 Mo9.2593 Ti9.2593,54,17.854114498287498,11.615116073663525,168.94934829764253,0.4,0.4,0.1,0.1,0.4074074074074074,0.4074074074074074,0.09259259259259259,0.09259259259259259,17.990180418501744,17.999704330811884,-0.13606592021424646,-0.1455898325243865,-0.7563343838081324,-0.808845689065936
Nb40.0000 Ta40.0000 Ti20.0000,Ta40.7407 Nb40.7407 Ti18.5185,54,18.012868756960952,11.102407802704017,152.77171326924704,0.4,0.4,0.2,0.0,0.4074074074074074,0.4074074074074074,0.18518518518518517,0.0,18.13472308196904,18.153770906589326,-0.12185432500808702,-0.14090214962837422,-0.6719392651175585,-0.7761591261308171
Nb40.0000 Ta50.0000 Mo10.0000,Ta50.0000 Nb40.7407 Mo9.2593,54,17.961669556040928,12.684749504956683,177.23711331524223,0.4,0.5,0.0,0.1,0.4074074074074074,0.5,0.0,0.09259259259259259,18.11532960443489,18.11532960443489,-0.15366004839396297,-0.15366004839396297,-0.8482321423306854,-0.8482321423306854
Nb40.0000 Ta50.0000 Ti10.0000,Ta50.0000 Nb40.7407 Ti9.2593,54,18.12540454161535,12.162370271478522,161.63409001899348,0.4,0.5,0.1,0.0,0.4074074074074074,0.5,0.09259259259259259,0.0,18.25987226790219,18.26939618021233,-0.13446772628683945,-0.1439916385969795,-0.736411100329608,-0.7881576225980448
Nb40.0000 Ta60.0000,Ta59.2593 Nb40.7407,54,18.227010927512545,13.217172526677093,173.21250071501208,0.4,0.6,0.0,0.0,0.4074074074074074,0.5925925925925926,0.0,0.0,18.385021453835336,18.385021453835336,-0.15801052632279067,-0.15801052632279067,-0.8594524989788782,-0.8594524989788782
Nb50.0000 Mo50.0000,Mo50.0000 Nb50.0000,54,16.88934144294006,9.283570738194632,203.43105629093614,0.5,0.0,0.0,0.5,0.5,0.0,0.0,0.5,16.993754386234425,16.993754386234425,-0.10441294329436346,-0.10441294329436346,-0.6144195150833875,-0.6144195150833875
Nb50.0000 Ti10.0000 Mo40.0000,Nb50.0000 Mo40.7407 Ti9.2593,54,16.95384174980418,8.812279868960111,188.7333700602269,0.5,0.0,0.1,0.4,0.5,0.0,0.09259259259259259,0.4074074074074074,17.13829704970172,17.147820962011863,-0.1844552998975395,-0.1939792122076831,-1.0762755445457157,-1.1312178534952733
Nb50.0000 Ti20.0000 Mo30.0000,Nb50.0000 Mo29.6296 Ti20.3704,54,17.095852517311705,8.220258160659874,171.4037523412074,0.5,0.0,0.2,0.3,0.5,0.0,0.2037037037037037,0.2962962962962963,17.282839713169018,17.301887537789305,-0.18698719585731283,-0.20603502047760003,-1.0819240296190102,-1.1908239492806547
Nb50.0000 Ti30.0000 Mo20.0000,Nb50.0000 Ti29.6296 Mo20.3704,54,17.24512160666339,7.720497805228762,156.3450600122159,0.5,0.0,0.3,0.2,0.5,0.0,0.2962962962962963,0.2037037037037037,17.427382376636313,17.455954113566744,-0.18226076997292395,-0.21083250690335475,-1.0458298672396629,-1.207797096232603
Nb50.0000 Ti40.0000 Mo10.0000,Nb50.0000 Ti40.7407 Mo9.2593,54,17.450678488923575,7.121284505330864,140.29542475747584,0.5,0.0,0.4,0.1,0.5,0.0,0.4074074074074074,0.09259259259259259,17.57192504010361,17.610020689344182,-0.12124655118003602,-0.15934220042060687,-0.6900015274554182,-0.9048382351817723
Nb50.0000 Ti50.0000,Nb50.0000 Ti50.0000,54,17.605445477311118,6.638846419852804,127.61057856196292,0.5,0.0,0.5,0.0,0.5,0.0,0.5,0.0,17.716467703570906,17.764087265121624,-0.11102222625978797,-0.15864178781050597,-0.6266611839187927,-0.8930477847966134
Nb50.0000 Ta10.0000 Mo40.0000,Nb50.0000 Mo40.7407 Ta9.2593,54,17.096130486521087,9.935796009884001,196.74012182506146,0.5,0.1,0.0,0.4,0.5,0.09259259259259259,0.0,0.4074074074074074,17.263446235634873,17.263446235634873,-0.16731574911378644,-0.16731574911378644,-0.9691908952015414,-0.9691908952015414
Nb50.0000 Ta10.0000 Ti10.0000 Mo30.0000,Nb50.0000 Mo31.4815 Ta9.2593 Ti9.2593,54,17.186216138613116,9.45363808463206,182.00336530622477,0.5,0.1,0.1,0.3,0.5,0.09259259259259259,0.09259259259259259,0.3148148148148148,17.40798889910217,17.417512811412312,-0.2217727604890527,-0.2312966727991963,-1.2739711736632071,-1.327954658644752
Nb50.0000 Ta10.0000 Ti20.0000 Mo20.0000,Nb50.0000 Mo20.3704 Ti20.3704 Ta9.2593,54,17.35504140203026,8.850603503387575,164.59259228450048,0.5,0.1,0.2,0.2,0.5,0.09259259259259259,0.2037037037037037,0.2037037037037037,17.552531562569463,17.57157938718975,-0.19749016053920343,-0.21653798515949063,-1.125137760528792,-1.2323194198317415
Nb50.0000 Ta10.0000 Ti30.0000 Mo10.0000,Nb50.0000 Ti29.6296 Mo11.1111 Ta9.2593,54,17.536700153539662,8.337440413555358,150.16207405681624,0.5,0.1,0.3,0.1,0.5,0.09259259259259259,0.2962962962962963,0.1111111111111111,17.69707422603676,17.72564596296719,-0.160374072497099,-0.18894580942752626,-0.9062180021890239,-1.065945973547458
Nb50.0000 Ta10.0000 Ti40.0000,Nb50.0000 Ti40.7407 Ta9.2593,54,17.726089803441184,7.747987114980995,133.36648711574156,0.5,0.1,0.4,0.0,0.5,0.09259259259259259,0.4074074074074074,0.0,17.841616889504056,17.87971253874463,-0.11552708606287254,-0.15362273530344694,-0.6475146662903367,-0.8592013712220068
Nb50.0000 Ta20.0000 Mo30.0000,Nb50.0000 Mo29.6296 Ta20.3704,54,17.373768019271388,10.679778142834055,188.4961489793809,0.5,0.2,0.0,0.3,0.5,0.2037037037037037,0.0,0.2962962962962963,17.53313808503532,17.53313808503532,-0.1593700657639303,-0.1593700657639303,-0.9089648697853695,-0.9089648697853695
Nb50.0000 Ta20.0000 Ti10.0000 Mo20.0000,Nb50.0000 Ta20.3704 Mo20.3704 Ti9.2593,54,17.501778700290405,10.17934195992356,174.64207937574886,0.5,0.2,0.1,0.2,0.5,0.2037037037037037,0.09259259259259259,0.2037037037037037,17.677680748502613,17.687204660812757,-0.17590204821220823,-0.18542596052235183,-0.9950516174306858,-1.048362158284831
Nb50.0000 Ta20.0000 Ti20.0000 Mo10.0000,Nb50.0000 Ta20.3704 Ti20.3704 Mo9.2593,54,17.695081070908586,9.566891071836414,157.17540807314336,0.5,0.2,0.2,0.1,0.5,0.2037037037037037,0.2037037037037037,0.09259259259259259,17.822223411969908,17.841271236590195,-0.12714234106132238,-0.14619016568160959,-0.7133921403764358,-0.8193932133142621
Nb50.0000 Ta20.0000 Ti30.0000,Nb50.0000 Ti29.6296 Ta20.3704,54,17.858634105315556,9.065391815759742,141.60952264031434,0.5,0.2,0.3,0.0,0.5,0.2037037037037037,0.2962962962962963,0.0,17.966766075437206,17.995337812367637,-0.10813197012165077,-0.13670370705208157,-0.6018443701422738,-0.7596617995030321
Nb50.0000 Ta30.0000 Mo20.0000,Nb50.0000 Ta29.6296 Mo20.3704,54,17.627665378475232,11.26741702612467,182.26376576666857,0.5,0.3,0.0,0.2,0.5,0.2962962962962963,0.0,0.2037037037037037,17.802829934435763,17.802829934435763,-0.1751645559605315,-0.1751645559605315,-0.9839141114397388,-0.9839141114397388
Nb50.0000 Ta30.0000 Ti10.0000 Mo10.0000,Nb50.0000 Ta29.6296 Mo11.1111 Ti9.2593,54,17.773526034521137,10.75908398767487,168.20344974124058,0.5,0.3,0.1,0.1,0.5,0.2962962962962963,0.09259259259259259,0.1111111111111111,17.947372597903062,17.956896510213202,-0.17384656338192528,-0.18337047569206533,-0.9686463154068423,-1.0211701982453991
Nb50.0000 Ta30.0000 Ti20.0000,Nb50.0000 Ta29.6296 Ti20.3704,54,17.958544855484384,10.15434065763868,148.88544572947907,0.5,0.3,0.2,0.0,0.5,0.2962962962962963,0.2037037037037037,0.0,18.091915261370357,18.110963085990644,-0.13337040588597304,-0.15241823050626024,-0.737182348906663,-0.8415799302476641
Nb50.0000 Ta40.0000 Mo10.0000,Nb50.0000 Ta40.7407 Mo9.2593,54,17.946973787401927,11.940875516581162,175.3476978427698,0.5,0.4,0.0,0.1,0.5,0.4074074074074074,0.0,0.09259259259259259,18.07252178383621,18.07252178383621,-0.12554799643428183,-0.12554799643428183,-0.6946899715266636,-0.6946899715266636
Nb50.0000 Ta40.0000 Ti10.0000,Nb50.0000 Ta40.7407 Ti9.2593,54,18.103819513812066,11.429145218948419,159.48341371164483,0.5,0.4,0.1,0.0,0.5,0.4074074074074074,0.09259259259259259,0.0,18.217064447303507,18.226588359613647,-0.11324493349144049,-0.12276884580158054,-0.6216420533562037,-0.6735700800354438
Nb50.0000 Ta50.0000,Nb50.0000 Ta50.0000,54,18.212612960058394,12.484361769436008,170.50230388642126,0.5,0.5,0.0,0.0,0.5,0.5,0.0,0.0,18.342213633236653,18.342213633236653,-0.12960067317825974,-0.12960067317825974,-0.7065705141685807,-0.7065705141685807
Nb60.0000 Mo40.0000,Nb59.2593 Mo40.7407,54,17.08576240996326,9.149545815222103,195.3243151647904,0.6,0.0,0.0,0.4,0.5925925925925926,0.0,0.0,0.4074074074074074,17.22063841503619,17.22063841503619,-0.13487600507293251,-0.13487600507293251,-0.7832230247350505,-0.7832230247350505
Nb60.0000 Ti10.0000 Mo30.0000,Nb59.2593 Mo31.4815 Ti9.2593,54,17.178026284345073,8.670121109313188,181.03641046261671,0.6,0.0,0.1,0.3,0.5925925925925926,0.0,0.09259259259259259,0.3148148148148148,17.365181078503486,17.37470499081363,-0.1871547941584133,-0.1966787064685569,-1.0777589551893236,-1.1319829981144718
Nb60.0000 Ti20.0000 Mo20.0000,Nb59.2593 Mo20.3704 Ti20.3704,54,17.353811283004603,8.07118902214549,163.40049337114408,0.6,0.0,0.2,0.2,0.5925925925925926,0.0,0.2037037037037037,0.2037037037037037,17.50972374197078,17.528771566591068,-0.15591245896617778,-0.17496028358646498,-0.8904335743028079,-0.9981320306548477
Nb60.0000 Ti30.0000 Mo10.0000,Nb59.2593 Ti29.6296 Mo11.1111,54,17.52067069820144,7.572455173172649,149.27790197327604,0.6,0.0,0.3,0.1,0.5925925925925926,0.0,0.2962962962962963,0.1111111111111111,17.65426640543808,17.682838142368507,-0.1335957072366405,-0.16216744416706774,-0.7567332687099858,-0.9170894562367261
Nb60.0000 Ti40.0000,Nb59.2593 Ti40.7407,54,17.708165403797736,6.991397101759212,132.4039768056382,0.6,0.0,0.4,0.0,0.5925925925925926,0.0,0.4074074074074074,0.0,17.798809068905374,17.83690471814595,-0.09064366510763833,-0.12873931434821273,-0.5092681468559228,-0.7217581546939749
Nb60.0000 Ta10.0000 Mo30.0000,Nb59.2593 Mo31.4815 Ta9.2593,54,17.316650213597118,9.782332779946268,188.51549199142968,0.6,0.1,0.0,0.3,0.5925925925925926,0.09259259259259259,0.0,0.3148148148148148,17.490330264436636,17.490330264436636,-0.17368005083951843,-0.17368005083951843,-0.993006125176863,-0.993006125176863
Nb60.0000 Ta10.0000 Ti10.0000 Mo20.0000,Nb59.2593 Mo22.2222 Ti9.2593 Ta9.2593,54,17.442325866457697,9.288086841741507,174.30212417895973,0.6,0.1,0.1,0.2,0.5925925925925926,0.09259259259259259,0.09259259259259259,0.2222222222222222,17.63487292790393,17.644396840214075,-0.19254706144623412,-0.20207097375637773,-1.0918539772496116,-1.1452416060821609
Nb60.0000 Ta10.0000 Ti20.0000 Mo10.0000,Nb59.2593 Ti20.3704 Mo11.1111 Ta9.2593,54,17.632152425464188,8.685051971532966,156.91577771380557,0.6,0.1,0.2,0.1,0.5925925925925926,0.09259259259259259,0.2037037037037037,0.1111111111111111,17.779415591371226,17.798463415991513,-0.14726316590703803,-0.16631099052732523,-0.8282790013554121,-0.934412070526822
Nb60.0000 Ta10.0000 Ti30.0000,Nb59.2593 Ti31.4815 Ta9.2593,54,17.811816900242597,8.099481586222513,139.08105892444948,0.6,0.1,0.3,0.0,0.5925925925925926,0.09259259259259259,0.3148148148148148,0.0,17.923958254838524,17.952529991768955,-0.11214135459592711,-0.14071309152635791,-0.625650612445802,-0.7838064695665368
Nb60.0000 Ta20.0000 Mo20.0000,Nb59.2593 Ta20.3704 Mo20.3704,54,17.616531267766884,10.506129446744795,180.7361171441963,0.6,0.2,0.0,0.2,0.5925925925925926,0.2037037037037037,0.0,0.2037037037037037,17.76002211383708,17.76002211383708,-0.1434908460701969,-0.1434908460701969,-0.8079429470890196,-0.8079429470890196
Nb60.0000 Ta20.0000 Ti10.0000 Mo10.0000,Nb59.2593 Ta20.3704 Mo11.1111 Ti9.2593,54,17.762193142432174,10.003841238702664,166.64413623979598,0.6,0.2,0.1,0.1,0.5925925925925926,0.2037037037037037,0.09259259259259259,0.1111111111111111,17.90456477730438,17.91408868961452,-0.14237163487220528,-0.15189554718234533,-0.7951694813195008,-0.847911104015048
Nb60.0000 Ta20.0000 Ti20.0000,Nb59.2593 Ta20.3704 Ti20.3704,54,17.941648346591997,9.409418789309083,147.47505719860473,0.6,0.2,0.2,0.0,0.5925925925925926,0.2037037037037037,0.2037037037037037,0.0,18.049107440771675,18.06815526539196,-0.1074590941796778,-0.126506918799965,-0.5953706826351712,-0.7001651078473873
Nb60.0000 Ta30.0000 Mo10.0000,Nb59.2593 Ta29.6296 Mo11.1111,54,17.87661518215157,11.084415307266983,174.74864071607678,0.6,0.3,0.0,0.1,0.5925925925925926,0.2962962962962963,0.0,0.1111111111111111,18.029713963237526,18.029713963237526,-0.15309878108595498,-0.15309878108595498,-0.849147032493818,-0.849147032493818
Nb60.0000 Ta30.0000 Ti10.0000,Nb59.2593 Ta29.6296 Ti11.1111,54,18.066810882839526,10.476788128804916,155.85297658555106,0.6,0.3,0.1,0.0,0.5925925925925926,0.2962962962962963,0.1111111111111111,0.0,18.174256626704825,18.183780539014965,-0.10744574386529848,-0.11696965617543853,-0.5911974617295777,-0.6432636817435705
Nb60.0000 Ta40.0000,Nb59.2593 Ta40.7407,54,18.197053845313718,11.75114123766155,168.40932315337201,0.6,0.4,0.0,0.0,0.5925925925925926,0.4074074074074074,0.0,0.0,18.299405812637975,18.299405812637975,-0.10235196732425678,-0.10235196732425678,-0.5593185285479064,-0.5593185285479064
Nb70.0000 Mo30.0000,Nb70.3704 Mo29.6296,54,17.34793035298646,8.97901056377169,185.48147581158227,0.7,0.0,0.0,0.3,0.7037037037037037,0.0,0.0,0.2962962962962963,17.447522443837954,17.447522443837954,-0.09959209085149467,-0.09959209085149467,-0.5708093580167206,-0.5708093580167206
Nb70.0000 Ti10.0000 Mo20.0000,Nb70.3704 Mo20.3704 Ti9.2593,54,17.47222374966828,8.492098909169275,171.36604445398515,0.7,0.0,0.1,0.2,0.7037037037037037,0.0,0.09259259259259259,0.2037037037037037,17.59206510730525,17.601589019615393,-0.11984135763696813,-0.12936526994711173,-0.6812239319601143,-0.7349635865429294
Nb70.0000 Ti20.0000 Mo10.0000,Nb70.3704 Ti20.3704 Mo9.2593,54,17.6627808049002,7.89831321589806,153.88432464876777,0.7,0.0,0.2,0.1,0.7037037037037037,0.0,0.2037037037037037,0.09259259259259259,17.736607770772544,17.75565559539283,-0.0738269658723425,-0.0928747904926297,-0.4162406184230958,-0.523071592561913
Nb70.0000 Ti30.0000,Nb70.3704 Ti29.6296,54,17.823276090646797,7.4124856022660675,139.00679160174414,0.7,0.0,0.3,0.0,0.7037037037037037,0.0,0.2962962962962963,0.0,17.881150434239842,17.909722171170273,-0.05787434359304555,-0.08644608052347635,-0.323661186151784,-0.482676837179701
Nb70.0000 Ta10.0000 Mo20.0000,Nb70.3704 Mo20.3704 Ta9.2593,54,17.59287072845388,9.596928299560984,178.97981704172656,0.7,0.1,0.0,0.2,0.7037037037037037,0.09259259259259259,0.0,0.2037037037037037,17.7172142932384,17.7172142932384,-0.12434356478451747,-0.12434356478451747,-0.7018234510600911,-0.7018234510600911
Nb70.0000 Ta10.0000 Ti10.0000 Mo10.0000,Nb70.3704 Mo11.1111 Ti9.2593 Ta9.2593,54,17.749022802071245,9.096056899079285,164.81503488603886,0.7,0.1,0.1,0.1,0.7037037037037037,0.09259259259259259,0.09259259259259259,0.1111111111111111,17.861756956705698,17.871280869015838,-0.11273415463445247,-0.12225806694459251,-0.6311481838416213,-0.684103550499037
Nb70.0000 Ta10.0000 Ti20.0000,Nb70.3704 Ti20.3704 Ta9.2593,54,17.93114047527723,8.509020624571905,146.35154468061606,0.7,0.1,0.2,0.0,0.7037037037037037,0.09259259259259259,0.2037037037037037,0.0,18.006299620172992,18.02534744479328,-0.07515914489576403,-0.09420696951605123,-0.4174047221315867,-0.5226360812438233
Nb70.0000 Ta20.0000 Mo10.0000,Nb70.3704 Ta20.3704 Mo9.2593,54,17.91244673586867,10.301319778574637,171.2449191417582,0.7,0.2,0.0,0.1,0.7037037037037037,0.2037037037037037,0.0,0.09259259259259259,17.986906142638844,17.986906142638844,-0.07445940677017404,-0.07445940677017404,-0.4139645038435174,-0.4139645038435174
Nb70.0000 Ta20.0000 Ti10.0000,Nb70.3704 Ta20.3704 Ti9.2593,54,18.07065942402213,9.802101851008262,155.72689522011692,0.7,0.2,0.1,0.0,0.7037037037037037,0.2037037037037037,0.09259259259259259,0.0,18.131448806106143,18.140972718416283,-0.060789382084013965,-0.07031329439415401,-0.3352704063204363,-0.38759384893828563
Nb70.0000 Ta30.0000,Nb70.3704 Ta29.6296,54,18.178123302158074,10.869775038041858,166.17638271145202,0.7,0.3,0.0,0.0,0.7037037037037037,0.2962962962962963,0.0,0.0,18.256597992039293,18.256597992039293,-0.07847468988121875,-0.07847468988121875,-0.4298428979782394,-0.4298428979782394
Nb80.0000 Mo20.0000,Nb79.6296 Mo20.3704,54,17.579808798677465,8.834044876621546,177.83414624005056,0.8,0.0,0.0,0.2,0.7962962962962963,0.0,0.0,0.2037037037037037,17.674406472639717,17.674406472639717,-0.0945976739622516,-0.0945976739622516,-0.5352240490151136,-0.5352240490151136
Nb80.0000 Ti10.0000 Mo10.0000,Nb79.6296 Mo11.1111 Ti9.2593,54,17.72298759663071,8.3456257806297,163.4601462849655,0.8,0.0,0.1,0.1,0.7962962962962963,0.0,0.09259259259259259,0.1111111111111111,17.818949136107015,17.828473048417155,-0.09596153947630626,-0.1054854517864463,-0.538536468920363,-0.5916684592111577
Nb80.0000 Ti20.0000,Nb79.6296 Ti20.3704,54,17.912401436270034,7.7622057269339955,145.25576906570498,0.8,0.0,0.2,0.0,0.7962962962962963,0.0,0.2037037037037037,0.0,17.96349179957431,17.982539624194597,-0.051090363304275854,-0.07013818792456306,-0.28441220601379164,-0.3900349416174547
Nb80.0000 Ta10.0000 Mo10.0000,Nb79.6296 Mo11.1111 Ta9.2593,54,17.839512401211078,9.43809926687733,171.19257092354073,0.8,0.1,0.0,0.1,0.7962962962962963,0.09259259259259259,0.0,0.1111111111111111,17.944098322040162,17.944098322040162,-0.10458592082908424,-0.10458592082908424,-0.5828429991415323,-0.5828429991415323
Nb80.0000 Ta10.0000 Ti10.0000,Nb79.6296 Ti11.1111 Ta9.2593,54,18.03105361019527,8.845928539675961,152.7915978281748,0.8,0.1,0.1,0.0,0.7962962962962963,0.09259259259259259,0.1111111111111111,0.0,18.08864098550746,18.0981648978176,-0.057587375312191824,-0.06711128762233187,-0.31836208899458274,-0.37081819069083966
Nb80.0000 Ta20.0000,Nb79.6296 Ta20.3704,54,18.16140618026552,10.134425163276633,164.99123757148107,0.8,0.2,0.0,0.0,0.7962962962962963,0.2037037037037037,0.0,0.0,18.21379017144061,18.21379017144061,-0.05238399117509118,-0.05238399117509118,-0.28760620761531425,-0.28760620761531425
Nb90.0000 Mo10.0000,Nb90.7407 Mo9.2593,54,17.86986065583557,8.659334662494606,168.030333142776,0.9,0.0,0.0,0.1,0.9074074074074074,0.0,0.0,0.09259259259259259,17.901290501441483,17.901290501441483,-0.03142984560591344,-0.03142984560591344,-0.17557307169213632,-0.17557307169213632
Nb90.0000 Ti10.0000,Nb90.7407 Ti9.2593,54,18.027132230182897,8.173774078752032,152.8050141104008,0.9,0.0,0.1,0.0,0.9074074074074074,0.0,0.09259259259259259,0.0,18.045833164908778,18.055357077218922,-0.018700934725881524,-0.028224847036025125,-0.10363020956132206,-0.1563239481518613
Nb90.0000 Ta10.0000,Nb90.7407 Ta9.2593,54,18.15396930387738,9.243784102937761,159.49396655261796,0.9,0.1,0.0,0.0,0.9074074074074074,0.09259259259259259,0.0,0.0,18.17098235084193,18.17098235084193,-0.01701304696454997,-0.01701304696454997,-0.09362755758640476,-0.09362755758640476
Nb100.0000,Nb100.0000,54,18.128174530243246,8.510215603041065,161.1697976778601,1.0,0.0,0.0,0.0,1.0,0.0,0.0,0.0,18.128174530243246,18.128174530243246,0.0,0.0,0.0,0.0
