requested_composition,realized_composition,n_atoms,volume_per_atom_A3,density_g_cm3,bulk_modulus_GPa,x_Nb_requested,x_Ta_requested,x_W_requested,x_Nb_realized,x_Ta_realized,x_W_realized
W100.0000,W100.0000,54,16.14426059654355,18.90910398805203,292.0591422028889,0.0,0.0,1.0,0.0,0.0,1.0
Ta10.0000 W90.0000,W90.7407 Ta9.2593,54,16.310839695041462,18.68872689679483,280.6806931384926,0.0,0.1,0.9,0.0,0.09259259259259259,0.9074074074074074
Ta20.0000 W80.0000,W79.6296 Ta20.3704,54,16.517747667786264,18.422319189244828,267.79715347730587,0.0,0.2,0.8,0.0,0.2037037037037037,0.7962962962962963
Ta30.0000 W70.0000,W70.3704 Ta29.6296,54,16.70061763941208,18.19397057472162,255.76019480205883,0.0,0.3,0.7,0.0,0.2962962962962963,0.7037037037037037
Ta40.0000 W60.0000,W59.2593 Ta40.7407,54,16.91922166579005,17.92735760592149,241.12771186615183,0.0,0.4,0.6,0.0,0.4074074074074074,0.5925925925925926
Ta50.0000 W50.0000,Ta50.0000 W50.0000,54,17.109235130682368,17.702267868252203,229.60949377419476,0.0,0.5,0.5,0.0,0.5,0.5
Ta60.0000 W40.0000,Ta59.2593 W40.7407,54,17.312452800688682,17.46878925093718,219.73686489726384,0.0,0.6,0.4,0.0,0.5925925925925926,0.4074074074074074
Ta70.0000 W30.0000,Ta70.3704 W29.6296,54,17.569382984890947,17.18295861368488,209.32439973986726,0.0,0.7,0.3,0.0,0.7037037037037037,0.2962962962962963
Ta80.0000 W20.0000,Ta79.6296 W20.3704,54,17.789946849921375,16.944924531152836,201.0498027053347,0.0,0.8,0.2,0.0,0.7962962962962963,0.2037037037037037
Ta90.0000 W10.0000,Ta90.7407 W9.2593,54,18.0692019509736,16.653513470430653,192.900579286224,0.0,0.9,0.1,0.0,0.9074074074074074,0.09259259259259259
Ta100.0000,Ta100.0000,54,18.556252717677268,16.192440831117253,128.448650548031,0.0,1.0,0.0,0.0,1.0,0.0
Nb10.0000 W90.0000,W90.7407 Nb9.2593,54,16.309407245679225,17.860374998038427,278.3153343015507,0.1,0.0,0.9,0.09259259259259259,0.0,0.9074074074074074
Nb10.0000 Ta10.0000 W80.0000,W81.4815 Nb9.2593 Ta9.2593,54,16.47754402089542,17.651141160509443,267.73448768292883,0.1,0.1,0.8,0.09259259259259259,0.09259259259259259,0.8148148148148148
Nb10.0000 Ta20.0000 W70.0000,W70.3704 Ta20.3704 Nb9.2593,54,16.69248007722021,17.39189416154223,253.83006005452307,0.1,0.2,0.7,0.09259259259259259,0.2037037037037037,0.7037037037037037
Nb10.0000 Ta30.0000 W60.0000,W61.1111 Ta29.6296 Nb9.2593,54,16.875681118765183,17.176739169485657,241.65336489147725,0.1,0.3,0.6,0.09259259259259259,0.2962962962962963,0.6111111111111112
Nb10.0000 Ta40.0000 W50.0000,W50.0000 Ta40.7407 Nb9.2593,54,17.101879430532037,16.91834896656005,227.74455267227515,0.1,0.4,0.5,0.09259259259259259,0.4074074074074074,0.5
Nb10.0000 Ta50.0000 W40.0000,Ta50.0000 W40.7407 Nb9.2593,54,17.29814648870723,16.700684692787785,217.55747518110738,0.1,0.5,0.4,0.09259259259259259,0.5,0.4074074074074074
Nb10.0000 Ta60.0000 W30.0000,Ta59.2593 W31.4815 Nb9.2593,54,17.51036897089179,16.47288054551147,208.3360712980544,0.1,0.6,0.3,0.09259259259259259,0.5925925925925926,0.3148148148148148
Nb10.0000 Ta70.0000 W20.0000,Ta70.3704 W20.3704 Nb9.2593,54,17.77992936583993,16.193124378987804,198.4205787289529,0.1,0.7,0.2,0.09259259259259259,0.7037037037037037,0.2037037037037037
Nb10.0000 Ta80.0000 W10.0000,Ta79.6296 W11.1111 Nb9.2593,54,18.00804597712432,15.963305187226444,191.05686025261107,0.1,0.8,0.1,0.09259259259259259,0.7962962962962963,0.1111111111111111
Nb10.0000 Ta90.0000,Ta90.7407 Nb9.2593,54,18.28407341389151,15.693129127657768,172.73102997427523,0.1,0.9,0.0,0.09259259259259259,0.9074074074074074,0.0
Nb20.0000 W80.0000,W79.6296 Nb20.3704,54,16.507715963664864,16.629464813651612,262.9866013586637,0.2,0.0,0.8,0.2037037037037037,0.0,0.7962962962962963
Nb20.0000 Ta10.0000 W70.0000,W70.3704 Nb20.3704 Ta9.2593,54,16.684643859865727,16.4264703616816,251.1901610934168,0.2,0.1,0.7,0.2037037037037037,0.09259259259259259,0.7037037037037037
Nb20.0000 Ta20.0000 W60.0000,W59.2593 Nb20.3704 Ta20.3704,54,16.902307657253296,16.183364112843336,236.7691011629644,0.2,0.2,0.6,0.2037037037037037,0.2037037037037037,0.5925925925925926
Nb20.0000 Ta30.0000 W50.0000,W50.0000 Ta29.6296 Nb20.3704,54,17.087184385763162,15.982242544297932,225.83291205000475,0.2,0.3,0.5,0.2037037037037037,0.2962962962962963,0.5
Nb20.0000 Ta40.0000 W40.0000,Ta40.7407 W38.8889 Nb20.3704,54,17.32503855209714,15.732023668411866,213.1419059907541,0.2,0.4,0.4,0.2037037037037037,0.4074074074074074,0.3888888888888889
Nb20.0000 Ta50.0000 W30.0000,Ta50.0000 W29.6296 Nb20.3704,54,17.53898997273002,15.514761287200956,203.72275737715452,0.2,0.5,0.3,0.2037037037037037,0.5,0.2962962962962963
Nb20.0000 Ta60.0000 W20.0000,Ta59.2593 W20.3704 Nb20.3704,54,17.760090401118006,15.296575782980984,195.39722797549578,0.2,0.6,0.2,0.2037037037037037,0.5925925925925926,0.2037037037037037
Nb20.0000 Ta70.0000 W10.0000,Ta70.3704 Nb20.3704 W9.2593,54,18.039106938152116,15.030398177039798,186.0446607439813,0.2,0.7,0.1,0.2037037037037037,0.7037037037037037,0.09259259259259259
Nb20.0000 Ta80.0000,Ta79.6296 Nb20.3704,54,18.25493248648126,14.828336742788034,180.7018150166629,0.2,0.8,0.0,0.2037037037037037,0.7962962962962963,0.0
Nb30.0000 W70.0000,W70.3704 Nb29.6296,54,16.681002848082265,15.618551901079226,249.23719257950705,0.3,0.0,0.7,0.2962962962962963,0.0,0.7037037037037037
Nb30.0000 Ta10.0000 W60.0000,W61.1111 Nb29.6296 Ta9.2593,54,16.85916194837266,15.427127138885197,237.98498361623012,0.3,0.1,0.6,0.2962962962962963,0.09259259259259259,0.6111111111111112
Nb30.0000 Ta20.0000 W50.0000,W50.0000 Nb29.6296 Ta20.3704,54,17.078718112861296,15.197558998439883,224.20246510914092,0.3,0.2,0.5,0.2962962962962963,0.2037037037037037,0.5
Nb30.0000 Ta30.0000 W40.0000,W40.7407 Ta29.6296 Nb29.6296,54,17.272683599800644,15.001152005627034,213.4729469741891,0.3,0.3,0.4,0.2962962962962963,0.2962962962962963,0.4074074074074074
Nb30.0000 Ta40.0000 W30.0000,Ta40.7407 W29.6296 Nb29.6296,54,17.52478376254281,14.75490636773053,202.2067295093399,0.3,0.4,0.3,0.2962962962962963,0.4074074074074074,0.2962962962962963
Nb30.0000 Ta50.0000 W20.0000,Ta50.0000 Nb29.6296 W20.3704,54,17.746496544925243,14.54551150224835,193.03570783514485,0.3,0.5,0.2,0.2962962962962963,0.5,0.2037037037037037
Nb30.0000 Ta60.0000 W10.0000,Ta59.2593 Nb29.6296 W11.1111,54,17.975389607782116,14.335555519477426,184.91203199522755,0.3,0.6,0.1,0.2962962962962963,0.5925925925925926,0.1111111111111111
Nb30.0000 Ta70.0000,Ta70.3704 Nb29.6296,54,18.24201340143192,14.096776564792206,176.68076095740665,0.3,0.7,0.0,0.2962962962962963,0.7037037037037037,0.0
Nb40.0000 W60.0000,W59.2593 Nb40.7407,54,16.885635291913555,14.43567013611388,234.2470573967226,0.4,0.0,0.6,0.4074074074074074,0.0,0.5925925925925926
Nb40.0000 Ta10.0000 W50.0000,W50.0000 Nb40.7407 Ta9.2593,54,17.066971778918926,14.25623656922555,222.5033698922445,0.4,0.1,0.5,0.4074074074074074,0.09259259259259259,0.5
Nb40.0000 Ta20.0000 W40.0000,Nb40.7407 W38.8889 Ta20.3704,54,17.297890014124196,14.03507470030524,209.97475382885898,0.4,0.2,0.4,0.4074074074074074,0.2037037037037037,0.3888888888888889
Nb40.0000 Ta30.0000 W30.0000,Nb40.7407 W29.6296 Ta29.6296,54,17.506799577862783,13.842193344127967,199.97132189184663,0.4,0.3,0.3,0.4074074074074074,0.2962962962962963,0.2962962962962963
Nb40.0000 Ta40.0000 W20.0000,Nb40.7407 Ta40.7407 W18.5185,54,17.77368504627804,13.604319828410715,189.10975723926072,0.4,0.4,0.2,0.4074074074074074,0.4074074074074074,0.18518518518518517
Nb40.0000 Ta50.0000 W10.0000,Ta50.0000 Nb40.7407 W9.2593,54,18.00362465845778,13.405868349593737,180.2215441738915,0.4,0.5,0.1,0.4074074074074074,0.5,0.09259259259259259
Nb40.0000 Ta60.0000,Ta59.2593 Nb40.7407,54,18.22701092958112,13.21717252517708,173.21248706967822,0.4,0.6,0.0,0.4074074074074074,0.5925925925925926,0.0
Nb50.0000 W50.0000,Nb50.0000 W50.0000,54,17.05676227192565,13.471143258195251,221.4391134663442,0.5,0.0,0.5,0.5,0.0,0.5
Nb50.0000 Ta10.0000 W40.0000,Nb50.0000 W40.7407 Ta9.2593,54,17.24634242247989,13.29727826086453,210.5108591082776,0.5,0.1,0.4,0.5,0.09259259259259259,0.4074074074074074
Nb50.0000 Ta20.0000 W30.0000,Nb50.0000 W29.6296 Ta20.3704,54,17.492776241641607,13.079445041693916,198.54812450537204,0.5,0.2,0.3,0.5,0.2037037037037037,0.2962962962962963
Nb50.0000 Ta30.0000 W20.0000,Nb50.0000 Ta29.6296 W20.3704,54,17.714667887523973,12.890511581523926,188.95635837665583,0.5,0.3,0.2,0.5,0.2962962962962963,0.2037037037037037
Nb50.0000 Ta40.0000 W10.0000,Nb50.0000 Ta40.7407 W9.2593,54,17.98516117484584,12.666971435926719,178.2445903814699,0.5,0.4,0.1,0.5,0.4074074074074074,0.09259259259259259
Nb50.0000 Ta50.0000,Nb50.0000 Ta50.0000,54,18.212612955052926,12.484361772867153,170.50230459789475,0.5,0.5,0.0,0.5,0.5,0.0
Nb60.0000 W40.0000,Nb59.2593 W40.7407,54,17.234630280916466,12.520878692613218,209.242873198662,0.6,0.0,0.4,0.5925925925925926,0.0,0.4074074074074074
Nb60.0000 Ta10.0000 W30.0000,Nb59.2593 W31.4815 Ta9.2593,54,17.436336538194986,12.35053250293962,198.84510352138122,0.6,0.1,0.3,0.5925925925925926,0.09259259259259259,0.3148148148148148
Nb60.0000 Ta20.0000 W20.0000,Nb59.2593 Ta20.3704 W20.3704,54,17.69824860090181,12.137609618703047,187.2090699234245,0.6,0.2,0.2,0.5925925925925926,0.2037037037037037,0.2037037037037037
Nb60.0000 Ta30.0000 W10.0000,Nb59.2593 Ta29.6296 W11.1111,54,17.92393879094085,11.959969348290123,178.05208961338474,0.6,0.3,0.1,0.5925925925925926,0.2962962962962963,0.1111111111111111
Nb60.0000 Ta40.0000,Nb59.2593 Ta40.7407,54,18.197053840246372,11.7511412409339,168.40931930847267,0.6,0.4,0.0,0.5925925925925926,0.4074074074074074,0.0
Nb70.0000 W30.0000,Nb70.3704 W29.6296,54,17.463725440135555,11.395911376960617,195.0980823527965,0.7,0.0,0.3,0.7037037037037037,0.0,0.2962962962962963
Nb70.0000 Ta10.0000 W20.0000,Nb70.3704 W20.3704 Ta9.2593,54,17.67898234470748,11.232003609901238,185.55254749353108,0.7,0.1,0.2,0.7037037037037037,0.09259259259259259,0.2037037037037037
Nb70.0000 Ta20.0000 W10.0000,Nb70.3704 Ta20.3704 W9.2593,54,17.952531865661488,11.031134009529886,174.02851266802145,0.7,0.2,0.1,0.7037037037037037,0.2037037037037037,0.09259259259259259
Nb70.0000 Ta30.0000,Nb70.3704 Ta29.6296,54,18.178123302158074,10.869775038041858,166.17638271145202,0.7,0.3,0.0,0.7037037037037037,0.2962962962962963,0.0
Nb80.0000 W20.0000,Nb79.6296 W20.3704,54,17.663070138372863,10.475737963508196,184.14679527400895,0.8,0.0,0.2,0.7962962962962963,0.0,0.2037037037037037
Nb80.0000 Ta10.0000 W10.0000,Nb79.6296 W11.1111 Ta9.2593,54,17.888792246571445,10.318696642240685,174.28407317736597,0.8,0.1,0.1,0.7962962962962963,0.09259259259259259,0.1111111111111111
Nb80.0000 Ta20.0000,Nb79.6296 Ta20.3704,54,18.161406179312312,10.134425163808546,164.99123168648765,0.8,0.2,0.0,0.7962962962962963,0.2037037037037037,0.0
Nb90.0000 W10.0000,Nb90.7407 W9.2593,54,17.91031216135778,9.394367069248725,170.65779106625155,0.9,0.0,0.1,0.9074074074074074,0.0,0.09259259259259259
Nb90.0000 Ta10.0000,Nb90.7407 Ta9.2593,54,18.153969254419312,9.243784128121218,159.49397720317572,0.9,0.1,0.0,0.9074074074074074,0.09259259259259259,0.0
Nb100.0000,Nb100.0000,54,18.12817448036491,8.510215626456299,161.16980858666847,1.0,0.0,0.0,1.0,0.0,0.0
