borg_row_id,reference_id,formula,microstructure,processing_method,HV_actual,Type of test,Test temperature,YS (MPa),UTS (MPa),Elongation (%),Elongation plastic (%),doi,year,Al,Cu,Co,Cr,Fe,Hf,Mn,Mo,Nb,Ni,Re,Ta,Ti,V,W,Zr,Sum,Density Avg,Tm Avg,Pugh_Ratio_avgr,V_avgr,B_avgr,G_avgr,E_avgr,G_avgr.1,C11,C12,C44,VEC Avg,R,Sconf,B_Delt,V_Delt,G_Delt,R_Delt,G Var,R Var,V Var,B Var,YS 25C PRIOR,HV 25C PRIOR,YS T C PRIOR,HV T C PRIOR,test_temperature_K,processing_code,source,HV_prior,YS_0K_MPa,YS_at_T_MPa,activation_energy_eV,C11_rom_GPa,C12_rom_GPa,C44_rom_GPa,bulk_modulus_rom_GPa,shear_modulus_rom_GPa,poisson,phys_G,phys_nu,phys_b,phys_sigma,phys_T,comp_Cr,comp_Fe,comp_Mo,comp_W,comp_V,comp_Nb,comp_Ta,comp_Al,comp_Co,comp_Ni,comp_Cu,comp_Ti,comp_Zr,comp_Hf,comp_Mn,comp_Si,comp_Re,HV_prior_rom
borg_rt_000,79,Hf1 Nb1 Ta1 Ti1 Zr1,BCC,WROUGHT,309.0,T,25.0,830.0,840.0,9.2,,10.1016/j.actamat.2017.09.035,2018,0.0,0.0,0.0,0.0,0.0,0.2,0.0,0.0,0.2,0.0,0.0,0.2,0.2,0.0,0.0,0.2,1.0,9.9192,2523.0,3.091324200913243,0.354,136.22,44.06525849335301,119.32872,42.40000000000001,151.9,126.48,41.36000000000001,4.4,151.58,1.609437912434101,0.043844717238114,0.0033770627852788,0.0541782597143774,0.0006467861653615,0.3015887361282839,0.0407882669260735,0.0790960451977401,0.3048048761412037,409.7330372163943,275.3389529569881,409.7330372163943,275.3389529569881,298.15,2,Borg,245.5820374665492,1223.20373482275,799.1457197374734,2.041888063885676,199.0,107.2,49.400000000000006,137.79999999999998,47.61785379455903,0.3450672135494603,47.61785379455903,0.3450672135494603,2.942081743034607,5.220860479390179,298.15,0.0,0.0,0.0,0.0,0.0,0.2,0.2,0.0,0.0,0.0,0.0,0.2,0.2,0.2,0.0,0.0,0.0,244.38707025610807
borg_rt_001,80,Hf1 Nb1 Ta1 Ti1 Zr1,BCC,WROUGHT,366.0,T,25.0,1202.0,1295.0,4.7,,10.1016/j.jallcom.2015.07.209,2015,0.0,0.0,0.0,0.0,0.0,0.2,0.0,0.0,0.2,0.0,0.0,0.2,0.2,0.0,0.0,0.2,1.0,9.9192,2523.0,3.091324200913243,0.354,136.22,44.06525849335301,119.32872,42.40000000000001,151.9,126.48,41.36000000000001,4.4,151.58,1.609437912434101,0.043844717238114,0.0033770627852788,0.0541782597143774,0.0006467861653615,0.3015887361282839,0.0407882669260735,0.0790960451977401,0.3048048761412037,409.7330372163943,275.3389529569881,409.7330372163943,275.3389529569881,298.15,2,Borg,231.3226471281344,1223.20373482275,799.1457197374734,2.041888063885676,199.0,107.2,49.400000000000006,137.79999999999998,47.61785379455903,0.3450672135494603,47.61785379455903,0.3450672135494603,2.942081743034607,5.220860479390179,298.15,0.0,0.0,0.0,0.0,0.0,0.2,0.2,0.0,0.0,0.0,0.0,0.2,0.2,0.2,0.0,0.0,0.0,244.38707025610807
borg_rt_002,80,Hf1 Nb1 Ta1 Ti1 Zr1,BCC,WROUGHT,351.0,T,25.0,1145.0,1262.0,9.7,,10.1016/j.jallcom.2015.07.209,2015,0.0,0.0,0.0,0.0,0.0,0.2,0.0,0.0,0.2,0.0,0.0,0.2,0.2,0.0,0.0,0.2,1.0,9.9192,2523.0,3.091324200913243,0.354,136.22,44.06525849335301,119.32872,42.40000000000001,151.9,126.48,41.36000000000001,4.4,151.58,1.609437912434101,0.043844717238114,0.0033770627852788,0.0541782597143774,0.0006467861653615,0.3015887361282839,0.0407882669260735,0.0790960451977401,0.3048048761412037,409.7330372163943,275.3389529569881,409.7330372163943,275.3389529569881,298.15,2,Borg,231.3226471281344,1223.20373482275,799.1457197374734,2.041888063885676,199.0,107.2,49.400000000000006,137.79999999999998,47.61785379455903,0.3450672135494603,47.61785379455903,0.3450672135494603,2.942081743034607,5.220860479390179,298.15,0.0,0.0,0.0,0.0,0.0,0.2,0.2,0.0,0.0,0.0,0.0,0.2,0.2,0.2,0.0,0.0,0.0,244.38707025610807
borg_rt_003,39,Al0.214 Nb0.714 Ta0.571 Ti1 V0.143 Zr0.929,BCC,OTHER,500.0,C,25.0,1965.0,2061.0,5.0,,10.1007/s11837-014-1066-0,2014,0.0599271912629515,0.0,0.0,0.0,0.0,0.0,0.0,0.0,0.1999439932791935,0.0,0.0,0.1598991879025483,0.2800336040324839,0.0400448053766452,0.0,0.2601512181461776,1.0,7.722304676561188,2316.391206944833,2.960400179551981,0.3481965835900308,131.4354242509101,44.39785714065225,119.7140786314912,42.65779893587231,152.4908148977877,121.9403808457015,35.92041444973397,4.339960795295436,149.3977317278073,1.619240650617108,0.0435131958701013,0.0044256407238121,0.0414401644706611,0.00136009039532,0.2705328960025175,0.0457927705382973,0.0815682212831185,0.3243867515586934,528.0962558485523,311.5467286168713,528.0962558485523,311.5467286168713,298.15,3,Borg,291.1976299569254,1372.1969677882228,888.8074599071065,1.997486240323572,190.20890506860823,105.3309997199664,45.01624194903388,133.62363483618034,43.708605121312544,0.3525282738816394,43.708605121312544,0.3525282738816394,2.9020207902601207,6.06426046632285,298.15,0.0,0.0,0.0,0.0,0.0400448053766452,0.1999439932791935,0.1598991879025483,0.0599271912629515,0.0,0.0,0.0,0.2800336040324839,0.2601512181461776,0.0,0.0,0.0,0.0,271.8065626627237
borg_rt_004,39,Al0.214 Nb0.714 Ta0.714 Ti1 Zr0.929,BCC,OTHER,490.0,C,25.0,1965.0,2054.0,5.0,,10.1007/s11837-014-1066-0,2014,0.0599271912629515,0.0,0.0,0.0,0.0,0.0,0.0,0.0,0.1999439932791935,0.0,0.0,0.1999439932791935,0.2800336040324839,0.0,0.0,0.2601512181461776,1.0,8.170406048725848,2360.72080649678,2.934538843539905,0.3469952394287315,133.0372164659759,45.33496523954491,122.131964714668,43.4586950434052,152.046317558107,122.757294875385,38.03478017362083,4.339960795295436,149.8822738728647,1.519110599015396,0.0506557860601465,0.0046654236078053,0.0456625927949215,0.0012328019398046,0.2851297395145891,0.0411780259189739,0.0809430422841082,0.3336968252627494,440.6730982862375,284.8036397327126,440.6730982862375,284.8036397327126,298.15,3,Borg,265.86525024764114,1193.4440745599538,756.5754570157053,1.894149663923984,191.81069728367405,107.13301596191543,46.61803416409969,135.35890973583497,44.42694588194472,0.3520757487501399,44.42694588194472,0.3520757487501399,2.910388459401838,5.101759611642028,298.15,0.0,0.0,0.0,0.0,0.0,0.1999439932791935,0.1999439932791935,0.0599271912629515,0.0,0.0,0.0,0.2800336040324839,0.2601512181461776,0.0,0.0,0.0,0.0,231.3686412892065
borg_rt_005,39,Al0.4 Hf0.6 Nb1 Ta1 Ti1 Zr1,BCC,OTHER,500.0,C,25.0,1841.0,2269.0,10.0,,10.1007/s11837-014-1066-0,2014,0.08,0.0,0.0,0.0,0.0,0.12,0.0,0.0,0.2,0.0,0.0,0.2,0.2,0.0,0.0,0.2,1.0,9.0704,2397.16,3.054200542005421,0.3524,133.5,43.71029281277727,118.2276,42.08,149.1,123.456,39.864,4.32,150.396,1.744040245835952,0.0496261695352719,0.0036489851976587,0.0567793767020921,0.0008498925638516,0.3116869874319571,0.0416004899773851,0.0783447624369462,0.3309193404285785,405.9634060393926,274.1858079043722,405.9634060393926,274.1858079043722,298.15,3,Borg,277.53730416538656,1230.2751016402449,791.5666551430813,1.964204561410352,193.48,105.92,47.56,135.10666666666668,45.6308755120916,0.3482178060073372,45.6308755120916,0.3482178060073372,2.921985112761476,5.144730994067724,298.15,0.0,0.0,0.0,0.0,0.0,0.2,0.2,0.08,0.0,0.0,0.0,0.2,0.2,0.12,0.0,0.0,0.0,242.06931349941323
borg_rt_006,39,Al0.333 Nb0.667 Ta0.533 Ti1 V0.133 Zr0.667,BCC,OTHER,530.0,C,25.0,2035.0,2105.0,5.0,,10.1007/s11837-014-1066-0,2014,0.0999099909990999,0.0,0.0,0.0,0.0,0.0,0.0,0.0,0.2001200120012001,0.0,0.0,0.1599159915991599,0.3000300030003,0.0399039903990399,0.0,0.2001200120012001,1.0,7.52997299729973,2264.993699369937,2.960535504868825,0.3482028202820282,131.2156315631563,44.32158687080842,119.5089768371977,42.5973597359736,151.0548454845484,121.7706870687069,36.23396339633963,4.3000300030003,148.4390939093909,1.656945509291552,0.043944067510957,0.0044283116638008,0.0418684244048352,0.0012562483237082,0.2761010247001849,0.04292050627134,0.0821913669898461,0.3280050742566009,464.2657539085776,292.0207261880017,464.2657539085776,292.0207261880017,298.15,3,Borg,272.92893194050623,1270.083630363123,803.446823761254,1.8844668539268348,189.09780978097808,105.2973297329733,45.0945094509451,133.23082308230823,43.46804308637834,0.3528703194102981,43.46804308637834,0.3528703194102981,2.884545699418254,5.192130168797075,298.15,0.0,0.0,0.0,0.0,0.0399039903990399,0.2001200120012001,0.1599159915991599,0.0999099909990999,0.0,0.0,0.0,0.3000300030003,0.2001200120012001,0.0,0.0,0.0,0.0,245.70239258753944
borg_rt_007,39,Al0.667 Nb1 Ta0.333 Ti1 Zr0.333,BCC,OTHER,408.0,C,25.0,1280.0,1367.0,4.0,,10.1007/s11837-014-1066-0,2014,0.2001200120012001,0.0,0.0,0.0,0.0,0.0,0.0,0.0,0.3000300030003,0.0,0.0,0.0999099909990999,0.3000300030003,0.0,0.0,0.0999099909990999,1.0,6.782427242724272,2135.465046504651,3.091380503209277,0.354002400240024,128.3013201320132,41.5029207820968,112.3901087118613,39.79657965796579,144.9240924092409,118.5538253825382,33.0065406540654,4.1998199819982,147.2283528352835,1.504639054330251,0.0332547411922956,0.0050655034204232,0.0377079101523986,0.0007755615456698,0.270273600370656,0.030722027096648,0.0903977274547477,0.3326439828099462,214.7112149571174,215.6810079403846,214.7112149571174,215.6810079403846,298.15,3,Borg,182.53827706052667,783.3017317242859,429.5956364018992,1.3985935206530016,184.8880888088809,103.29312931293128,40.3948394839484,130.49144914491447,40.59566043026123,0.3590656848729539,40.59566043026123,0.3590656848729539,2.862808571995545,2.585614379024657,298.15,0.0,0.0,0.0,0.0,0.0,0.3000300030003,0.0999099909990999,0.2001200120012001,0.0,0.0,0.0,0.3000300030003,0.0999099909990999,0.0,0.0,0.0,0.0,131.37481235532084
borg_rt_008,45,Nb0.5 Ti0.5 V1 Zr0.5,BCC,OTHER,304.0,C,25.0,918.0,,50.0,,10.1016/j.msea.2012.12.018,2013,0.0,0.0,0.0,0.0,0.0,0.0,0.0,0.0,0.2,0.0,0.0,0.0,0.2,0.4,0.0,0.2,1.0,6.1192,2237.0,3.238095238095239,0.36,138.22,42.6855882352941,116.1048,41.8,193.78,127.96,23.98,4.6,144.48,1.332179040210122,0.0232433532143734,0.0024691358024691,0.0102972073523096,0.0023676615048398,0.1303193261983515,0.0657120872608938,0.0765780486227234,0.2282215830417573,1313.652695720359,551.8515435057691,1313.652695720359,551.8515435057691,298.15,3,Borg,495.91620291191856,2499.9494317351987,1745.416933252019,2.460232766704349,201.2,106.0,40.6,137.73333333333335,43.96089171070123,0.3557590144701604,43.96089171070123,0.3557590144701604,2.815008291333255,10.612171840418862,298.15,0.0,0.0,0.0,0.0,0.4,0.2,0.0,0.0,0.0,0.0,0.0,0.2,0.2,0.0,0.0,0.0,0.0,533.76664625444
borg_rt_009,45,Nb1 Ti1 V1 Zr1,BCC,OTHER,335.0,C,25.0,1105.0,,50.0,,10.1016/j.msea.2012.12.018,2013,0.0,0.0,0.0,0.0,0.0,0.0,0.0,0.0,0.25,0.0,0.0,0.0,0.25,0.25,0.0,0.25,1.0,6.274,2250.5,3.175438596491229,0.3575,132.775,41.81312154696132,113.522625,40.5,174.225,123.75,25.575,4.5,146.95,1.386294361119891,0.0246296707086229,0.0035331801066066,0.0111064264885201,0.0020325095010593,0.1331030712342586,0.0616851246019321,0.0847857038670079,0.249292993904225,1010.172703735752,459.0158163767977,1010.172703735752,459.0158163767977,298.15,3,Borg,429.2048458583899,2114.3532971025747,1448.8157592383693,2.326637574260969,194.75,103.5,39.0,133.91666666666666,42.1826386087926,0.3574694617825838,42.1826386087926,0.3574694617825838,2.8588934146381555,9.938405190084378,298.15,0.0,0.0,0.0,0.0,0.25,0.25,0.0,0.0,0.0,0.0,0.0,0.25,0.25,0.0,0.0,0.0,0.0,443.062923314486
borg_rt_010,79,Hf1 Nb1 Ta1 Ti1 Zr1,BCC,OTHER,420.0,T,25.0,1900.0,,7.9,,10.1016/j.actamat.2017.09.035,2018,0.0,0.0,0.0,0.0,0.0,0.2,0.0,0.0,0.2,0.0,0.0,0.2,0.2,0.0,0.0,0.2,1.0,9.9192,2523.0,3.091324200913243,0.354,136.22,44.06525849335301,119.32872,42.40000000000001,151.9,126.48,41.36000000000001,4.4,151.58,1.609437912434101,0.043844717238114,0.0033770627852788,0.0541782597143774,0.0006467861653615,0.3015887361282839,0.0407882669260735,0.0790960451977401,0.3048048761412037,409.7330372163943,275.3389529569881,409.7330372163943,275.3389529569881,298.15,3,Borg,245.5820374665492,1223.20373482275,799.1457197374734,2.041888063885676,199.0,107.2,49.400000000000006,137.79999999999998,47.61785379455903,0.3450672135494603,47.61785379455903,0.3450672135494603,2.942081743034607,5.220860479390179,298.15,0.0,0.0,0.0,0.0,0.0,0.2,0.2,0.0,0.0,0.0,0.0,0.2,0.2,0.2,0.0,0.0,0.0,244.38707025610807
borg_rt_011,15,Al1 Co1 Fe1 Ni1 Ti1 V1 Zr1,BCC,CAST,790.0,,25.0,,,,,10.1002/adem.200300567,2004,0.1428571428571428,0.0,0.1428571428571428,0.0,0.1428571428571428,0.0,0.0,0.0,0.0,0.1428571428571428,0.0,0.0,0.1428571428571428,0.1428571428571428,0.0,0.1428571428571428,0.9999999999999996,6.415428571428569,1784.571428571428,2.585765916041143,0.3287142857142856,140.1571428571428,54.20333758274842,144.0414979591837,54.99999999999997,149.3571428571428,134.0285714285714,65.61428571428567,5.142857142857141,137.3428571428571,1.945910149055313,0.0299337769826094,0.0022535355220481,0.038676833710739,0.0039567051633265,0.3932500064672789,0.0892344249058016,0.0746008839682919,0.3095598512846191,1503.729902484209,609.9969111300732,1503.729902484209,609.9969111300732,298.15,0,Borg,933.2523724919836,4382.379666531217,3302.1488333962243,3.197705864402797,202.7142857142857,113.28571428571428,67.14285714285714,143.09523809523807,54.79274493908097,0.3302152970404025,54.79274493908097,0.3302152970404025,2.6987905122523483,14.94538422488083,298.15,0.0,0.1428571428571428,0.0,0.0,0.1428571428571428,0.0,0.0,0.1428571428571428,0.1428571428571428,0.1428571428571428,0.0,0.1428571428571428,0.1428571428571428,0.0,0.0,0.0,0.0,1009.8314475217812
borg_rt_012,25,Al0.417 Co0.833 Cr0.833 Cu0.833 Fe0.833 Ni0.833 V1,BCC,CAST,579.0,,25.0,,,,,10.1007/s11661-006-0081-3,2006,0.0747044070225725,0.1492296667860981,0.1492296667860981,0.1492296667860981,0.1492296667860981,0.0,0.0,0.0,0.0,0.1492296667860981,0.0,0.0,0.0,0.1791472590469366,0.0,0.0,0.9999999999999996,7.423618058043709,1780.71408097456,2.325503846946495,0.3119478681476172,159.9178609817269,68.76697331277573,180.4373680733204,69.53179863848078,190.9996237907559,139.0487817986384,77.24847724829806,6.641347187388029,130.4671085632389,1.921226213254788,0.0205712692881404,0.0159384991062343,0.0674528029603533,0.0007115381988384,0.3736803301315911,0.0430062303296245,0.1588684189554727,0.1818705552421866,914.5573479459478,429.7667017271177,914.5573479459478,429.7667017271177,298.15,0,Borg,383.34231590569067,1925.847374997027,1245.390381402609,1.9892835115894263,242.2106771766392,120.99426728771049,83.78341096381223,161.39973725068668,71.25982137671278,0.3075650485635566,71.25982137671278,0.3075650485635566,2.536734460183637,2.305603486999363,298.15,0.1492296667860981,0.1492296667860981,0.0,0.0,0.1791472590469365,0.0,0.0,0.0747044070225725,0.1492296667860981,0.1492296667860981,0.1492296667860981,0.0,0.0,0.0,0.0,0.0,0.0,380.85332764605766
borg_rt_013,40,Al0.5 Hf1 Nb1 Ta1 Ti1 Zr1,BCC,CAST,396.0,C,25.0,1302.0,,46.0,,10.1016/j.jallcom.2014.11.064,2015,0.0909090909090909,0.0,0.0,0.0,0.0,0.1818181818181818,0.0,0.0,0.1818181818181818,0.0,0.0,0.1818181818181818,0.1818181818181818,0.0,0.0,0.1818181818181818,0.9999999999999998,9.26290909090909,2378.454545454545,3.082815734989647,0.3536363636363636,130.7454545454545,42.41105073569815,114.8182809917355,40.90909090909091,141.6090909090909,122.1818181818182,40.59999999999999,4.272727272727272,150.8181818181818,1.767761472289329,0.0510129781303646,0.0031252046372221,0.061116600259843,0.0007035645243807,0.3185492666379072,0.0422244788546868,0.0755626655871418,0.3304747137379932,342.5718083950836,254.7940680315337,342.5718083950836,254.7940680315337,298.15,0,Borg,250.67785275933423,1234.3023384454157,796.9399562789434,1.981465759502093,190.63636363636363,103.0,47.45454545454545,132.21212121212122,45.60013049133134,0.3453311821949126,45.60013049133134,0.3453311821949126,2.930219874374763,5.303961096495229,298.15,0.0,0.0,0.0,0.0,0.0,0.1818181818181818,0.1818181818181818,0.0909090909090909,0.0,0.0,0.0,0.1818181818181818,0.1818181818181818,0.1818181818181818,0.0,0.0,0.0,243.712524855946
borg_rt_014,41,Al0.25 Mo1 Nb1 Ti1 V1,BCC,CAST,460.0,C,25.0,1250.0,1500.0,13.0,,10.3390/e16020870,2014,0.0588235294117647,0.0,0.0,0.0,0.0,0.0,0.0,0.2352941176470588,0.2352941176470588,0.0,0.0,0.0,0.2352941176470588,0.2352941176470588,0.0,0.0,0.9999999999999998,6.948470588235294,2353.705882352941,3.0,0.35,162.1176470588235,54.0392156862745,145.9058823529411,36.58823529411764,256.6529411764706,137.8117647058824,42.31764705882352,4.88235294117647,141.9764705882353,1.528465710061025,0.0412538287194572,0.0048019207683073,0.0933581173437227,0.0006351488975497,0.3768767160155938,0.0341310233707647,0.1018437472776008,0.2876916911741626,891.9095096056908,422.8386386068188,891.9095096056908,422.8386386068188,298.15,0,Borg,336.654805932471,1557.1410379877511,1046.72707048904,2.203466581140666,264.6470588235294,123.82352941176472,56.23529411764706,170.76470588235293,62.92556155949548,0.3359090522260287,62.92556155949548,0.3359090522260287,2.763344003222132,2.393349030010542,298.15,0.0,0.0,0.2352941176470588,0.0,0.2352941176470588,0.2352941176470588,0.0,0.0588235294117647,0.0,0.0,0.0,0.2352941176470588,0.0,0.0,0.0,0.0,0.0,320.1000215562814
borg_rt_015,48,Hf1 Mo0.5 Nb1 Ta1 Ti1 Zr1,BCC,CAST,480.0,C,25.0,1317.0,,50.0,,10.1016/j.matlet.2016.03.133,2016,0.0,0.0,0.0,0.0,0.0,0.1818181818181818,0.0,0.0909090909090909,0.1818181818181818,0.0,0.0,0.1818181818181818,0.1818181818181818,0.0,0.0,0.1818181818181818,0.9999999999999998,9.951999999999998,2556.909090909091,3.0,0.35,144.7454545454545,48.24848484848484,130.2709090909091,40.36363636363636,180.4545454545454,130.0,46.64545454545454,4.545454545454545,150.5272727272727,1.767761472289329,0.0315378826221653,0.0037105751391465,0.0311623551539956,0.0007507663689819,0.3352720964158576,0.0449752349059656,0.0844055938143996,0.3309008315949683,773.3810525983093,386.5803158758976,773.3810525983093,386.5803158758976,298.15,0,Borg,368.3883126009564,1625.800863479732,1138.059462088049,2.4799558206807406,223.0,112.8181818181818,54.81818181818182,149.54545454545453,54.95437626863197,0.3363123904571816,54.95437626863197,0.3363123904571816,2.9236823160218224,6.0821817167883205,298.15,0.0,0.0,0.0909090909090909,0.0,0.0,0.1818181818181818,0.1818181818181818,0.0,0.0,0.0,0.0,0.1818181818181818,0.1818181818181818,0.1818181818181818,0.0,0.0,0.0,348.0304165406877
borg_rt_016,52,Hf0.333 Nb0.333 Ta0.333 Ti1 Zr0.667,BCC,CAST,301.0,T,25.0,903.0,990.0,19.0,,10.1063/1.4966659,2016,0.0,0.0,0.0,0.0,0.0,0.1249062265566391,0.0,0.0,0.1249062265566391,0.0,0.0,0.1249062265566391,0.3750937734433608,0.0,0.0,0.2501875468867217,0.9999999999999998,8.13902850712678,2327.904726181545,2.866455427798714,0.3437396849212302,124.0073893473368,43.26157949107478,116.2646023890632,41.62265566391597,129.1072768192048,119.8014628657164,39.69666166541634,4.249812453113277,151.3139159789947,1.493941932434707,0.0469063552258193,0.003346024059511,0.0376082376740368,0.0008628370349077,0.2556927962764496,0.0419814797472154,0.0768667580790634,0.296792158603556,213.8858627460936,215.4285294420598,213.8858627460936,215.4285294420598,298.15,0,Borg,245.0185760288403,1128.5004638016048,714.8409062724954,1.8905545087691016,182.8525881470368,98.98724681170292,46.744936234058514,126.94236059014752,44.27346853911342,0.3437776597552965,44.27346853911342,0.3437776597552965,2.9332231138850084,5.770782098500612,298.15,0.0,0.0,0.0,0.0,0.0,0.1249062265566391,0.1249062265566391,0.0,0.0,0.0,0.0,0.3750937734433608,0.2501875468867217,0.1249062265566391,0.0,0.0,0.0,218.60578173470807
borg_rt_017,239,Hf0.25 Nb0.125 Ti1 V0.5 Zr0.5,BCC,CAST,332.4,C,25.0,1115.0,,50.0,,10.1007/s40195-019-00921-3,2019,0.0,0.0,0.0,0.0,0.0,0.1052631578947368,0.0,0.0,0.0526315789473684,0.0,0.0,0.0,0.4210526315789473,0.2105263157894737,0.0,0.2105263157894737,0.9999999999999998,6.279894736842105,2133.368421052632,2.876126126126126,0.3442105263157895,119.7052631578947,41.6203107612414,111.89291966759,40.52631578947368,135.6315789473684,118.8210526315789,33.22105263157894,4.263157894736842,147.978947368421,1.412218895823404,0.0238548421179088,0.0020830349307041,0.009031119688226,0.0017208793115575,0.1500951231774216,0.0608580120581512,0.0725937459967536,0.2205162775029381,567.8192348626441,323.6981446505488,567.8192348626441,323.6981446505488,298.15,0,Borg,376.1267180890612,1948.261234390001,1330.9747118157832,2.3063589269459497,177.78947368421052,93.47368421052632,43.52631578947368,121.57894736842104,42.83664131716187,0.342347540776723,42.83664131716187,0.342347540776723,2.8739017697987084,10.070220319026744,298.15,0.0,0.0,0.0,0.0,0.2105263157894736,0.0526315789473684,0.0,0.0,0.0,0.0,0.0,0.4210526315789473,0.2105263157894736,0.1052631578947368,0.0,0.0,0.0,407.0259057540621
borg_rt_018,239,Hf0.25 Nb0.375 Ti1 V0.5 Zr0.5,BCC,CAST,318.9,C,25.0,1025.0,,50.0,,10.1007/s40195-019-00921-3,2019,0.0,0.0,0.0,0.0,0.0,0.0952380952380952,0.0,0.0,0.1428571428571428,0.0,0.0,0.0,0.3809523809523809,0.1904761904761905,0.0,0.1904761904761905,0.9999999999999998,6.497999999999999,2192.095238095238,2.989451476793247,0.3495238095238095,124.4952380952381,41.64484323016435,112.4014149659864,40.28571428571428,146.2571428571428,120.8380952380952,31.40952380952381,4.333333333333333,147.8666666666666,1.50128346393666,0.0190857913816878,0.002979350312837,0.0082079079533228,0.0015332881024765,0.1453162544621001,0.0579787298868315,0.0825797409302001,0.2339638077774704,669.4309648949351,354.7815738436632,669.4309648949351,354.7815738436632,298.15,0,Borg,362.07535583128623,1866.5830631000904,1263.8477091244297,2.2484305193933163,184.28571428571428,97.33333333333331,42.14285714285714,126.31746031746032,42.8043325418554,0.3477641333060594,42.8043325418554,0.3477641333060594,2.8723839372748925,9.1191059618128,298.15,0.0,0.0,0.0,0.0,0.1904761904761904,0.1428571428571428,0.0,0.0,0.0,0.0,0.0,0.3809523809523809,0.1904761904761904,0.0952380952380952,0.0,0.0,0.0,386.4977703744432
borg_rt_019,239,Hf0.25 Nb0.5 Ti1 V0.5 Zr0.5,BCC,CAST,310.4,C,25.0,980.0,,50.0,,10.1007/s40195-019-00921-3,2019,0.0,0.0,0.0,0.0,0.0,0.0909090909090909,0.0,0.0,0.1818181818181818,0.0,0.0,0.0,0.3636363636363636,0.1818181818181818,0.0,0.1818181818181818,0.9999999999999998,6.592181818181818,2217.454545454545,3.040899795501022,0.3518181818181818,126.5636363636363,41.62045607385217,112.5265785123967,40.18181818181818,150.8454545454545,121.7090909090909,30.62727272727273,4.363636363636363,147.8181818181818,1.515707952085713,0.0214154074882969,0.0034101000389084,0.0077998118607888,0.0014538682119461,0.1431374587468129,0.056684219723782,0.0855449372467537,0.2369933097451479,694.1502551481765,362.3433022784266,694.1502551481765,362.3433022784266,298.15,0,Borg,352.0655762172004,1827.4413291609544,1231.841132353806,2.2205174132280225,187.0909090909091,99.0,41.54545454545455,128.36363636363637,42.7771952066994,0.3500337085995598,42.7771952066994,0.3500337085995598,2.871728013418132,8.70787980610504,298.15,0.0,0.0,0.0,0.0,0.1818181818181818,0.1818181818181818,0.0,0.0,0.0,0.0,0.0,0.3636363636363636,0.1818181818181818,0.0909090909090909,0.0,0.0,0.0,376.7098264078917
borg_rt_020,4,Al1 Co0.333 Cr0.333 Fe0.333 Ni0.333,BCC,CAST,506.0,,25.0,,,,,10.1016/j.jallcom.2008.07.124,2009,0.4288164665523156,0.0,0.1427958833619211,0.1427958833619211,0.1427958833619211,0.0,0.0,0.0,0.0,0.1427958833619211,0.0,0.0,0.0,0.0,0.0,0.0,1.0,5.846078902229845,1469.198542024014,2.320424146006731,0.3115879073756432,133.1183533447684,57.36811245213713,150.4866451223782,61.12778730703259,131.5030445969125,116.4126072041166,69.34155231560891,4.999142367066895,134.6893653516295,1.474806986734496,0.078949055325248,0.0151788380413316,0.144112035808781,0.0017120984540886,0.5752808213601454,0.0604477296345394,0.1497565358537274,0.3782901095752821,883.7281730847852,420.3359354802035,883.7281730847852,420.3359354802035,298.15,0,Borg,526.5001108597079,2950.937919409256,2084.6908559443764,2.551990241909763,207.09991423670672,100.41166380789024,71.40994854202403,135.97441395082907,61.71953691158237,0.3028729290568271,61.71953691158237,0.3028729290568271,2.629358241428834,6.868501092799683,298.15,0.1427958833619211,0.1427958833619211,0.0,0.0,0.0,0.0,0.0,0.4288164665523156,0.1427958833619211,0.1427958833619211,0.0,0.0,0.0,0.0,0.0,0.0,0.0,637.520139432531
borg_rt_021,8,Al1 Co1 Cr1 Fe1 Nb0.1 Ni1,BCC,CAST,569.0,C,25.0,1641.0,3285.0,,17.0,10.1016/j.msea.2011.10.110,2012,0.196078431372549,0.0,0.196078431372549,0.196078431372549,0.196078431372549,0.0,0.0,0.0,0.0196078431372549,0.196078431372549,0.0,0.0,0.0,0.0,0.0,0.0,1.0,7.135098039215686,1704.901960784314,2.144800777453838,0.298235294117647,156.2745098039215,72.86201657826703,189.1840830449827,74.47058823529412,170.2196078431372,131.4901960784314,82.53333333333332,5.784313725490195,131.5843137254902,1.674389267043889,0.0517379072301014,0.0171631272865576,0.0811090653275747,0.001527957701729,0.3945907193243576,0.0567734901996208,0.1637623382300218,0.263155074265866,1518.250930250056,614.4389508259577,1518.250930250056,614.4389508259577,298.15,0,Borg,582.7324692864855,3181.0385910407604,2287.0960038754265,2.701788874743669,247.17647058823533,116.54901960784316,87.62745098039217,160.09150326797388,75.6523316146895,0.2958751242655231,75.6523316146895,0.2958751242655231,2.5582273674470035,4.955247497222598,298.15,0.196078431372549,0.196078431372549,0.0,0.0,0.0,0.0196078431372549,0.0,0.196078431372549,0.196078431372549,0.196078431372549,0.0,0.0,0.0,0.0,0.0,0.0,0.0,699.4177381882038
borg_rt_022,25,Al0.278 Co0.556 Cr0.556 Cu0.556 Fe0.556 Ni0.556 V1,BCC,CAST,597.0,,25.0,,,,,10.1007/s11661-006-0081-3,2006,0.0685066535239034,0.1370133070478068,0.1370133070478068,0.1370133070478068,0.1370133070478068,0.0,0.0,0.0,0.0,0.1370133070478068,0.0,0.0,0.0,0.2464268112370626,0.0,0.0,1.0,7.266375554460326,1813.74913750616,2.394462489334395,0.3167018235584032,159.9314933464761,66.79223168408596,175.8909065159427,67.68900936421882,197.6497289305076,139.5249876786594,72.36421882700837,6.507146377525874,130.8047313947757,1.890513088989813,0.018867513482465,0.0155526824279593,0.0713747983316408,0.0006151736590891,0.3801157022655843,0.0419968700435401,0.1581435098569765,0.1741876160908424,905.663607104361,427.0460713075439,905.663607104361,427.0460713075439,298.15,0,Borg,362.1649641091061,1849.0356140473928,1184.9720364695074,1.944973448220876,240.97535731887632,120.58994578610154,80.77378018728439,160.7184162970265,69.72798853008784,0.3104816821690983,69.72798853008784,0.3104816821690983,2.5440933159319776,2.250985227717344,298.15,0.1370133070478068,0.1370133070478068,0.0,0.0,0.2464268112370626,0.0,0.0,0.0685066535239034,0.1370133070478068,0.1370133070478068,0.1370133070478068,0.0,0.0,0.0,0.0,0.0,0.0,362.37676956254046
borg_rt_023,25,Al0.25 Co0.5 Cr0.5 Cu0.5 Fe0.5 Ni0.5 V1,BCC,CAST,587.0,,25.0,,,,,10.1007/s11661-006-0081-3,2006,0.0666666666666666,0.1333333333333333,0.1333333333333333,0.1333333333333333,0.1333333333333333,0.0,0.0,0.0,0.0,0.1333333333333333,0.0,0.0,0.0,0.2666666666666667,0.0,0.0,1.0,7.218933333333332,1823.666666666667,2.415933528836755,0.3181333333333333,159.9333333333333,66.19939308112481,174.5192533333333,67.13333333333333,199.6466666666666,139.6666666666667,70.89333333333332,6.466666666666667,130.9066666666666,1.876273584430276,0.0183611426719356,0.015404214816475,0.072457136609591,0.0005879285193274,0.3817200444391995,0.0416612916281721,0.1576474906907273,0.1718305215020336,900.104490265646,425.3455155294114,900.104490265646,425.3455155294114,298.15,0,Borg,358.87924963703165,1823.8768458975617,1165.2508670472,1.9302712197807164,240.6,120.46666666666668,79.86666666666666,160.5111111111111,69.26272045223493,0.3113746822180399,69.26272045223493,0.3113746822180399,2.5463073055893566,2.2302766276226467,298.15,0.1333333333333333,0.1333333333333333,0.0,0.0,0.2666666666666666,0.0,0.0,0.0666666666666666,0.1333333333333333,0.1333333333333333,0.1333333333333333,0.0,0.0,0.0,0.0,0.0,0.0,356.3458309012844
borg_rt_024,89,Mo1 Nb1 Ta1 Ti0.25 W1,BCC,CAST,478.3,C,25.0,1109.0,1197.0,,,10.1016/j.msea.2017.12.004,2018,0.0,0.0,0.0,0.0,0.0,0.0,0.0,0.2352941176470588,0.2352941176470588,0.0,0.0,0.2352941176470588,0.0588235294117647,0.0,0.2352941176470588,0.0,1.0,12.76858823529412,3086.176470588235,2.638694638694639,0.331764705882353,220.5882352941176,83.5974849303679,222.6643598615917,69.88235294117646,356.6764705882352,164.9588235294117,78.48823529411763,5.411764705882352,143.7294117647059,1.528465710061025,0.0386576732026144,0.0099533400201788,0.2017134195381713,0.000158416511937,0.656021843748497,0.0219416845456286,0.1300505022758315,0.2613333333333334,717.9404513495925,369.6208171763819,717.9404513495925,369.6208171763819,298.15,0,Borg,319.6841077811222,1239.1796839535327,870.0811696568919,2.503529519293093,362.0,162.58823529411765,93.58823529411764,229.0588235294118,96.5986416977727,0.3151281403615375,96.5986416977727,0.3151281403615375,2.798743873170229,1.2202195072390922,298.15,0.0,0.0,0.2352941176470588,0.2352941176470588,0.0,0.2352941176470588,0.2352941176470588,0.0,0.0,0.0,0.0,0.0588235294117647,0.0,0.0,0.0,0.0,0.0,266.07986839660305
borg_rt_025,89,Mo1 Nb1 Ta1 Ti0.5 W1,BCC,CAST,481.2,C,25.0,1211.0,1578.0,,,10.1016/j.msea.2017.12.004,2018,0.0,0.0,0.0,0.0,0.0,0.0,0.0,0.2222222222222222,0.2222222222222222,0.0,0.0,0.2222222222222222,0.1111111111111111,0.0,0.2222222222222222,0.0,1.0,12.30955555555555,3022.555555555556,2.627192982456141,0.3311111111111111,214.4444444444445,81.62493043962158,217.3037037037037,68.44444444444444,342.1888888888889,162.2333333333333,76.36666666666667,5.333333333333333,143.8666666666667,1.581093750171824,0.044123481316426,0.0096191863229384,0.2101406521220056,0.0001605242289945,0.6565238132374873,0.0216632676302239,0.1268971167865036,0.2867116131037704,650.8113083072002,349.0857474173142,650.8113083072002,349.0857474173142,298.15,0,Borg,310.7648869452779,1209.5307205698057,842.7039193149001,2.4445637668693143,350.88888888888886,158.66666666666666,91.0,222.7407407407408,93.520645373688,0.3158420983930389,93.520645373688,0.3158420983930389,2.800116201357861,1.1629163134066804,298.15,0.0,0.0,0.2222222222222222,0.2222222222222222,0.0,0.2222222222222222,0.2222222222222222,0.0,0.0,0.0,0.0,0.1111111111111111,0.0,0.0,0.0,0.0,0.0,257.7076205855963
borg_rt_026,219,Mo1 Nb1 Re0.5 W1,BCC,CAST,473.0,C,25.0,896.0,,10.4,7.08,10.1016/j.jallcom.2018.11.111,2019,0.0,0.0,0.0,0.0,0.0,0.0,0.0,0.2857142857142857,0.2857142857142857,0.0,0.1428571428571428,0.0,0.0,0.0,0.2857142857142857,0.0,1.0,13.41714285714286,3162.999999999999,2.535519125683059,0.3257142857142857,249.1428571428571,98.2610837438424,260.5322448979592,88.99999999999999,398.1428571428571,199.1428571428571,94.97142857142856,5.857142857142857,141.7428571428571,1.351783994289646,0.0288309215193526,0.0148617156927406,0.1812427200679298,0.0003636972642667,0.7186778146295922,0.0240724885617837,0.1484764112264102,0.2458893171048868,973.5214956475248,447.8040671910446,973.5214956475248,447.8040671910446,298.15,0,Borg,440.8000756564808,1480.4489378495289,1081.881290580533,2.856296157510649,436.1428571428571,196.42857142857144,108.57142857142856,276.3333333333333,114.07480538878774,0.3185592414245022,114.07480538878774,0.3185592414245022,2.764549881989959,1.2241835905676894,298.15,0.0,0.0,0.2857142857142857,0.2857142857142857,0.0,0.2857142857142857,0.0,0.0,0.0,0.0,0.0,0.0,0.0,0.0,0.0,0.0,0.1428571428571428,330.85054757814464
borg_rt_027,107,Cr1 Fe1 Ni1 Ti0.4,BCC,CAST,600.3,C,25.0,2475.41,,6.5,,10.1557/jmr.2019.40,2019,0.0,0.0,0.0,0.2941176470588235,0.2941176470588235,0.0,0.0,0.0,0.0,0.2941176470588235,0.0,0.0,0.1176470588235294,0.0,0.0,0.0,1.0,7.568941176470586,1910.411764705882,1.900569426193604,0.2761764705882352,163.235294117647,85.88757236012636,219.2153979238754,86.35294117647058,209.9294117647058,142.0176470588235,90.9176470588235,7.529411764705881,131.3176470588235,1.331574341254369,0.0125127353108275,0.0168870945371074,0.0337922626632028,0.0015110474035662,0.2535134388061061,0.0540040760597435,0.1584555746491833,0.1289062956153247,1518.414155944692,614.4888822100618,1518.414155944692,614.4888822100618,298.15,0,Borg,657.0450631495272,3190.1670086640506,2332.6237568131346,2.8619546407867964,260.8235294117647,115.23529411764706,105.82352941176472,163.76470588235293,87.7686188214614,0.2726447931443622,87.7686188214614,0.2726447931443622,2.535123724727192,3.05498963839106,298.15,0.2941176470588235,0.2941176470588235,0.0,0.0,0.0,0.0,0.0,0.0,0.0,0.2941176470588235,0.0,0.1176470588235294,0.0,0.0,0.0,0.0,0.0,713.3405984138026
borg_rt_028,107,Cr1 Fe1 Ni1 Ti0.5,BCC,CAST,709.6,C,25.0,2380.79,,,,10.1557/jmr.2019.40,2019,0.0,0.0,0.0,0.2857142857142857,0.2857142857142857,0.0,0.0,0.0,0.0,0.2857142857142857,0.0,0.0,0.1428571428571428,0.0,0.0,0.0,1.0,7.48142857142857,1911.285714285714,1.91313649978605,0.2774285714285714,161.7142857142857,84.5283573505448,215.9578775510204,85.14285714285712,206.6714285714285,141.2714285714285,89.47142857142855,7.428571428571428,131.7428571428571,1.351783994289646,0.0146091937005795,0.0168778647270779,0.0371294768469237,0.0017203339072191,0.267297852089618,0.0562942367902808,0.1576822224353557,0.1394808908156265,1656.419491636856,656.7052589895552,1656.419491636856,656.7052589895552,298.15,0,Borg,729.2255578509622,3460.8211177997373,2562.953034288918,2.995569955556073,258.0,114.57142857142856,104.14285714285712,162.38095238095238,86.42066079500259,0.2739901734709908,86.42066079500259,0.2739901734709908,2.5442935049210256,3.602058695192692,298.15,0.2857142857142857,0.2857142857142857,0.0,0.0,0.0,0.0,0.0,0.0,0.0,0.2857142857142857,0.0,0.1428571428571428,0.0,0.0,0.0,0.0,0.0,783.7776863268862
borg_rt_029,27,Al1 Co1 Fe1 Ni1,BCC,CAST,456.0,C,25.0,964.0,,,,10.1016/j.jmmm.2014.07.023,2014,0.25,0.0,0.25,0.0,0.25,0.0,0.0,0.0,0.0,0.25,0.0,0.0,0.0,0.0,0.0,0.0,1.0,7.095499999999999,1560.0,2.410150891632373,0.31775,155.0,64.31132612407514,169.4925,65.25,148.95,145.8,92.8,5.75,130.1,1.386294361119891,0.064942767950052,0.0025753029668059,0.0887195742149638,0.0025347084162185,0.355454644937665,0.0586840030641856,0.0671443701740245,0.2989053911899452,294.9220519133644,240.2178194901696,294.9220519133644,240.2178194901696,298.15,0,Borg,560.9041227898127,3059.3554138593568,2130.344955196661,2.4404945540894643,221.5,128.25,85.75,159.33333333333334,63.23048117798884,0.3247590905069658,63.23048117798884,0.3247590905069658,2.564604644804301,5.463348444108381,298.15,0.0,0.25,0.0,0.0,0.0,0.0,0.0,0.25,0.25,0.25,0.0,0.0,0.0,0.0,0.0,0.0,0.0,651.4816376748199
borg_rt_030,4,Al1 Co0.667 Cr0.667 Fe0.667 Ni0.667,BCC,CAST,402.0,,25.0,,,,,10.1016/j.jallcom.2008.07.124,2009,0.2726281352235551,0.0,0.1818429661941112,0.1818429661941112,0.1818429661941112,0.0,0.0,0.0,0.0,0.1818429661941112,0.0,0.0,0.0,0.0,0.0,0.0,1.0,6.706364231188658,1615.820338058888,2.180293567134442,0.301084242093784,148.7371864776445,68.21888057631139,177.5170210622329,70.73336968375135,156.8797437295529,126.5882769901854,79.2790348964013,5.545801526717557,132.362159214831,1.594206871139436,0.0651995420480622,0.0166420549667893,0.1044178925079838,0.0018277993560976,0.4507756080955969,0.0581250092463501,0.1578583453434361,0.3076008874308888,1363.673971765071,567.1532492398505,1363.673971765071,567.1532492398505,298.15,0,Borg,548.1216808865208,3177.8302692919297,2280.60517122528,2.6853895494092246,234.471919302072,111.18865866957468,83.2802617230098,152.28307888040712,71.6486643683621,0.2966444212034925,71.6486643683621,0.2966444212034925,2.5767157512149117,5.586355384859853,298.15,0.1818429661941112,0.1818429661941112,0.0,0.0,0.0,0.0,0.0,0.272628135223555,0.1818429661941112,0.1818429661941112,0.0,0.0,0.0,0.0,0.0,0.0,0.0,697.4327740750089
borg_rt_031,4,Al1 Co1 Cr1 Fe1 Ni1,BCC,CAST,395.0,,25.0,,,,,10.1016/j.jallcom.2008.07.124,2009,0.2,0.0,0.2,0.2,0.2,0.0,0.0,0.0,0.0,0.2,0.0,0.0,0.0,0.0,0.0,0.0,1.0,7.106400000000001,1684.0,2.120052338894341,0.2962,156.0,73.58308902947074,190.7568,75.2,168.68,131.32,83.9,5.800000000000001,131.28,1.609437912434101,0.0525969756738987,0.0169384793474489,0.0836332991828848,0.0016488660286139,0.3882042194315772,0.055035553578103,0.1591341972218935,0.2659445350566462,1398.586369487375,577.8330894730423,1398.586369487375,577.8330894730423,298.15,0,Borg,576.7373678645424,3036.7907488318297,2165.4848407426,2.6295987352358714,247.2,116.2,88.80000000000001,159.86666666666667,76.26532632854855,0.2941983713062056,76.26532632854855,0.2941983713062056,2.551487083583825,4.527859784984577,298.15,0.2,0.2,0.0,0.0,0.0,0.0,0.0,0.2,0.2,0.2,0.0,0.0,0.0,0.0,0.0,0.0,0.0,662.2277800436085
borg_rt_032,8,Al1 Co1 Cr1 Fe1 Ni1,BCC,CAST,520.0,C,25.0,1373.0,3531.0,,25.0,10.1016/j.msea.2011.10.110,2012,0.2,0.0,0.2,0.2,0.2,0.0,0.0,0.0,0.0,0.2,0.0,0.0,0.0,0.0,0.0,0.0,1.0,7.106400000000001,1684.0,2.120052338894341,0.2962,156.0,73.58308902947074,190.7568,75.2,168.68,131.32,83.9,5.800000000000001,131.28,1.609437912434101,0.0525969756738987,0.0169384793474489,0.0836332991828848,0.0016488660286139,0.3882042194315772,0.055035553578103,0.1591341972218935,0.2659445350566462,1398.586369487375,577.8330894730423,1398.586369487375,577.8330894730423,298.15,0,Borg,535.711746483547,3036.7907488318297,2165.4848407426,2.6295987352358714,247.2,116.2,88.80000000000001,159.86666666666667,76.26532632854855,0.2941983713062056,76.26532632854855,0.2941983713062056,2.551487083583825,4.527859784984577,298.15,0.2,0.2,0.0,0.0,0.0,0.0,0.0,0.2,0.2,0.2,0.0,0.0,0.0,0.0,0.0,0.0,0.0,662.2277800436085
borg_rt_033,16,Al1 Co0.8 Cr0.8 Fe0.8 Mn0.8 Ni0.8,BCC,CAST,539.0,,25.0,,,,,10.1016/j.actamat.2013.09.037,2014,0.2,0.0,0.16,0.16,0.16,0.0,0.16,0.0,0.0,0.16,0.0,0.0,0.0,0.0,0.0,0.0,1.0,6.988320000000001,1757.96,2.256803425887553,0.30696,142.656,63.21153112566569,165.22988544,73.424,177.596,151.776,85.304,5.880000000000001,132.352,1.787952753485468,0.0436644915376875,0.0159639965008824,0.1073973351019068,0.0013435948542588,0.4609225459207265,0.0526239893317356,0.1542028751223085,0.3210816760445553,1227.105586565783,525.3764412865656,1227.105586565783,525.3764412865656,298.15,0,Borg,533.6168175543688,2823.8547022436405,1996.578084631925,2.558740754088189,241.4,117.48,89.76,158.78666666666666,74.57566359074521,0.2969572442323973,74.57566359074521,0.2969572442323973,2.5687552691695603,4.31970287550769,298.15,0.16,0.16,0.0,0.0,0.0,0.0,0.0,0.2,0.16,0.16,0.0,0.0,0.0,0.0,0.16,0.0,0.0,610.5743378079284
borg_rt_034,25,Al0.312 Co0.625 Cr0.625 Cu0.625 Fe0.625 Ni0.625 V1,BCC,CAST,594.0,,25.0,,,,,10.1007/s11661-006-0081-3,2006,0.0703177822853279,0.1408609420779806,0.1408609420779806,0.1408609420779806,0.1408609420779806,0.0,0.0,0.0,0.0,0.1408609420779806,0.0,0.0,0.0,0.225377507324769,0.0,0.0,1.0,7.31629479377958,1803.52062204192,2.372401947332582,0.3152073473067388,159.9390353842687,67.41649979005314,177.3333517071622,68.27236871760198,195.5881000676133,139.384246112238,73.90038314176245,6.549695740365111,130.6971827811585,1.902907026338353,0.0193679728934699,0.0156924251329341,0.0701731477527226,0.0006434998900296,0.3781988768840177,0.0423199284783377,0.1585328311658792,0.1765202389018074,909.5005069416324,428.2197941087894,909.5005069416324,428.2197941087894,298.15,0,Borg,365.09993653546326,1873.316934074478,1204.0490624334295,1.9591191653690336,241.3813387423935,120.72503944106376,81.7243633085418,160.94380587484034,70.21594989589626,0.3095571355559231,70.21594989589626,0.3095571355559231,2.5417509360692065,2.2683249770945766,298.15,0.1408609420779806,0.1408609420779806,0.0,0.0,0.2253775073247689,0.0,0.0,0.0703177822853279,0.1408609420779806,0.1408609420779806,0.1408609420779806,0.0,0.0,0.0,0.0,0.0,0.0,368.2107224567062
borg_rt_035,40,Al0.75 Hf1 Nb1 Ta1 Ti1 Zr1,BCC,CAST,427.0,C,25.0,1415.0,2050.0,30.0,,10.1016/j.jallcom.2014.11.064,2015,0.1304347826086956,0.0,0.0,0.0,0.0,0.1739130434782609,0.0,0.0,0.1739130434782609,0.0,0.0,0.1739130434782609,0.1739130434782609,0.0,0.0,0.1739130434782609,1.0,8.977565217391305,2315.608695652174,3.079129574678536,0.3534782608695652,128.3652173913044,41.68880012290674,112.8497693761815,40.26086956521739,137.1347826086957,120.3130434782609,40.26956521739131,4.217391304347826,150.4869565217391,1.786723603389926,0.0541608321694266,0.003012441483311,0.0641089746596085,0.0007245111988274,0.3251225389074123,0.0426554038388755,0.0739645578271729,0.3404988464731343,307.3469702285871,244.0186510335231,307.3469702285871,244.0186510335231,298.15,0,Borg,244.38872422933605,1230.9763386663628,789.477132631988,1.948596992558405,187.0,101.17391304347828,46.60869565217392,129.78260869565216,44.72271216045341,0.3454535327102901,44.72271216045341,0.3454535327102901,2.9250324565641925,5.305299924721171,298.15,0.0,0.0,0.0,0.0,0.0,0.1739130434782608,0.1739130434782608,0.1304347826086956,0.0,0.0,0.0,0.1739130434782608,0.1739130434782608,0.1739130434782608,0.0,0.0,0.0,241.43031578959875
borg_rt_036,40,Hf1 Nb1 Ta1 Ti1 Zr1,BCC,CAST,295.0,C,25.0,1073.0,,50.0,,10.1016/j.jallcom.2014.11.064,2015,0.0,0.0,0.0,0.0,0.0,0.2,0.0,0.0,0.2,0.0,0.0,0.2,0.2,0.0,0.0,0.2,1.0,9.9192,2523.0,3.091324200913243,0.354,136.22,44.06525849335301,119.32872,42.40000000000001,151.9,126.48,41.36000000000001,4.4,151.58,1.609437912434101,0.043844717238114,0.0033770627852788,0.0541782597143774,0.0006467861653615,0.3015887361282839,0.0407882669260735,0.0790960451977401,0.3048048761412037,409.7330372163943,275.3389529569881,409.7330372163943,275.3389529569881,298.15,0,Borg,239.34408172145547,1223.20373482275,799.1457197374734,2.041888063885676,199.0,107.2,49.400000000000006,137.79999999999998,47.61785379455903,0.3450672135494603,47.61785379455903,0.3450672135494603,2.942081743034607,5.220860479390179,298.15,0.0,0.0,0.0,0.0,0.0,0.2,0.2,0.0,0.0,0.0,0.0,0.2,0.2,0.2,0.0,0.0,0.0,244.38707025610807
borg_rt_037,41,Al0.5 Mo1 Nb1 Ti1 V1,BCC,CAST,487.0,C,25.0,1625.0,1800.0,11.0,,10.3390/e16020870,2014,0.1111111111111111,0.0,0.0,0.0,0.0,0.0,0.0,0.2222222222222222,0.2222222222222222,0.0,0.0,0.0,0.2222222222222222,0.2222222222222222,0.0,0.0,1.0,6.712444444444444,2274.777777777777,3.0,0.35,157.3333333333333,52.44444444444444,141.6,36.0,244.5444444444444,134.5555555555555,41.8,4.777777777777778,142.0444444444444,1.581093750171823,0.0474041622777618,0.0045351473922902,0.0850489961377637,0.0006103845997874,0.3719050199536233,0.033212179503981,0.0989743318610787,0.3141885578290954,806.6993116472856,396.7725027981908,806.6993116472856,396.7725027981908,298.15,0,Borg,328.1618641188034,1452.7467940353094,958.8417763146977,2.0970401504267984,255.88888888888889,120.33333333333331,54.66666666666666,165.5185185185185,60.8702323404896,0.3362017859716206,60.8702323404896,0.3362017859716206,2.765744014386297,2.2908900004356845,298.15,0.0,0.0,0.2222222222222222,0.0,0.2222222222222222,0.2222222222222222,0.0,0.1111111111111111,0.0,0.0,0.0,0.2222222222222222,0.0,0.0,0.0,0.0,0.0,293.2237848057179
borg_rt_038,41,Al0.75 Mo1 Nb1 Ti1 V1,BCC,CAST,517.0,C,25.0,1260.0,1300.0,8.0,,10.3390/e16020870,2014,0.1578947368421053,0.0,0.0,0.0,0.0,0.0,0.0,0.2105263157894737,0.2105263157894737,0.0,0.0,0.0,0.2105263157894737,0.2105263157894737,0.0,0.0,1.0,6.501263157894737,2204.157894736843,3.000000000000002,0.3500000000000001,153.0526315789474,51.0175438596491,137.7473684210526,35.47368421052632,233.7105263157895,131.6421052631579,41.33684210526317,4.684210526315789,142.1052631578947,1.603568103170515,0.0532123368025117,0.0042964554242749,0.0778183659891788,0.0005872430871417,0.3671261769046981,0.0323635046537069,0.0963345406198313,0.3360117969560822,732.2333501532684,373.9930713225048,732.2333501532684,373.9930713225048,298.15,0,Borg,293.69710338725,1361.348597408955,882.6173412464042,2.0022906410317023,248.0526315789473,117.21052631578948,53.26315789473684,160.82456140350874,59.02992339445883,0.3364832960516862,59.02992339445883,0.3364832960516862,2.7678878676920946,2.1961741014107403,298.15,0.0,0.0,0.2105263157894736,0.0,0.2105263157894736,0.2105263157894736,0.0,0.1578947368421052,0.0,0.0,0.0,0.2105263157894736,0.0,0.0,0.0,0.0,0.0,269.91356001419086
borg_rt_039,41,Al1 Mo1 Nb1 Ti1 V1,BCC,CAST,537.0,C,25.0,1375.0,1400.0,3.0,,10.3390/e16020870,2014,0.2,0.0,0.0,0.0,0.0,0.0,0.0,0.2,0.2,0.0,0.0,0.0,0.2,0.2,0.0,0.0,1.0,6.311200000000001,2140.6,3.0,0.35,149.2,49.73333333333332,134.28,35.0,223.96,129.02,40.92,4.600000000000001,142.16,1.609437912434101,0.0586563548936598,0.0040816326530612,0.0714861747011766,0.0005656121852128,0.3625280536892371,0.031576531315866,0.0938952955723141,0.3543136599291286,666.7312594606915,353.955723297856,666.7312594606915,353.955723297856,298.15,0,Borg,268.15300884361955,1280.732345196506,816.0080415988897,1.9174041284676973,241.00000000000003,114.4,52.0,156.60000000000002,57.37246726435948,0.3367541815240825,57.37246726435948,0.3367541815240825,2.7698145002191854,2.1084733526934816,298.15,0.0,0.0,0.2,0.0,0.2,0.2,0.0,0.2,0.0,0.0,0.0,0.2,0.0,0.0,0.0,0.0,0.0,249.5437436082232
borg_rt_040,41,Mo1 Nb1 Ti1 V1,BCC,CAST,441.0,C,25.0,1200.0,2050.0,26.0,,10.3390/e16020870,2014,0.0,0.0,0.0,0.0,0.0,0.0,0.0,0.25,0.25,0.0,0.0,0.0,0.25,0.25,0.0,0.0,1.0,7.214,2442.5,3.0,0.35,167.5,55.83333333333334,150.75,37.25,270.275,141.475,42.9,5.0,141.9,1.386294361119891,0.0348073067498329,0.0051020408163265,0.1029739362887058,0.0006616387583986,0.382054569294057,0.0351302144626202,0.1049781318335648,0.2546077926751042,990.1182920652668,452.881092708861,990.1182920652668,452.881092708861,298.15,0,Borg,364.715214273495,1677.372778771885,1148.910066889592,2.323850476237351,274.5,127.75,58.0,176.66666666666666,65.23610963262601,0.3356044553322989,65.23610963262601,0.3356044553322989,2.76063899794264,2.5043257000192627,298.15,0.0,0.0,0.25,0.0,0.25,0.25,0.0,0.0,0.0,0.0,0.0,0.25,0.0,0.0,0.0,0.0,0.0,351.34864430874376
borg_rt_041,48,Hf1 Mo0.25 Nb1 Ta1 Ti1 Zr1,BCC,CAST,395.0,C,25.0,1112.0,,50.0,,10.1016/j.matlet.2016.03.133,2016,0.0,0.0,0.0,0.0,0.0,0.1904761904761905,0.0,0.0476190476190476,0.1904761904761905,0.0,0.0,0.1904761904761905,0.1904761904761905,0.0,0.0,0.1904761904761905,1.0,9.936380952380954,2540.761904761905,3.042872454448018,0.3519047619047619,140.6857142857143,46.2345091329945,125.0093061224489,41.33333333333334,166.8571428571429,128.3238095238095,44.12857142857143,4.476190476190476,151.0285714285715,1.724242093799718,0.0338578445287011,0.0035579067991298,0.0384231173935461,0.0007024193127334,0.3151727179321678,0.0431586558746528,0.0820879615052941,0.3211004607327069,603.0268688373053,334.4682988183864,603.0268688373053,334.4682988183864,298.15,0,Borg,275.45121777253735,1434.8568227438104,975.7037045241624,2.275913024468044,211.57142857142856,110.14285714285714,52.238095238095234,143.9523809523809,51.47055164921812,0.3402619416363465,51.47055164921812,0.3402619416363465,2.9324727465713725,5.705351635693446,298.15,0.0,0.0,0.0476190476190476,0.0,0.0,0.1904761904761904,0.1904761904761904,0.0,0.0,0.0,0.0,0.1904761904761904,0.1904761904761904,0.1904761904761904,0.0,0.0,0.0,298.3803377749732
borg_rt_042,48,Hf1 Mo0.75 Nb1 Ta1 Ti1 Zr1,BCC,CAST,492.0,C,25.0,1373.0,,50.0,,10.1016/j.matlet.2016.03.133,2016,0.0,0.0,0.0,0.0,0.0,0.1739130434782609,0.0,0.1304347826086956,0.1739130434782609,0.0,0.0,0.1739130434782609,0.1739130434782609,0.0,0.0,0.1739130434782609,1.0,9.966260869565218,2571.652173913043,2.961795606494748,0.3482608695652175,148.4521739130435,50.12235604223039,135.15602268431,39.47826086956522,192.8695652173913,131.5304347826087,48.94347826086956,4.608695652173913,150.0695652173913,1.786723603389926,0.039359092044272,0.0038384955894639,0.0471094831385158,0.0007925069449192,0.3576619952234081,0.0463820687070691,0.0862056254763149,0.3365795183416549,925.4440092404978,433.0969743776377,925.4440092404978,433.0969743776377,298.15,0,Borg,379.2887265408538,1797.940407819744,1286.4603376890277,2.659047656568054,233.43478260869568,115.2608695652174,57.17391304347826,154.65217391304347,58.1225645870663,0.3330064368329691,58.1225645870663,0.3330064368329691,2.9156098471295926,6.373330492458005,298.15,0.0,0.0,0.1304347826086956,0.0,0.0,0.1739130434782608,0.1739130434782608,0.0,0.0,0.0,0.0,0.1739130434782608,0.1739130434782608,0.1739130434782608,0.0,0.0,0.0,393.412947305513
borg_rt_043,48,Hf1 Nb1 Ta1 Ti1 Zr1,BCC,CAST,335.0,C,25.0,1015.0,,50.0,,10.1016/j.matlet.2016.03.133,2016,0.0,0.0,0.0,0.0,0.0,0.2,0.0,0.0,0.2,0.0,0.0,0.2,0.2,0.0,0.0,0.2,1.0,9.9192,2523.0,3.091324200913243,0.354,136.22,44.06525849335301,119.32872,42.40000000000001,151.9,126.48,41.36000000000001,4.4,151.58,1.609437912434101,0.043844717238114,0.0033770627852788,0.0541782597143774,0.0006467861653615,0.3015887361282839,0.0407882669260735,0.0790960451977401,0.3048048761412037,409.7330372163943,275.3389529569881,409.7330372163943,275.3389529569881,298.15,0,Borg,268.6404193677424,1223.20373482275,799.1457197374734,2.041888063885676,199.0,107.2,49.400000000000006,137.79999999999998,47.61785379455903,0.3450672135494603,47.61785379455903,0.3450672135494603,2.942081743034607,5.220860479390179,298.15,0.0,0.0,0.0,0.0,0.0,0.2,0.2,0.0,0.0,0.0,0.0,0.2,0.2,0.2,0.0,0.0,0.0,244.38707025610807
borg_rt_044,49,Hf1 Mo1 Ta1 Ti1 Zr1,BCC,CAST,542.0,C,25.0,1600.0,1743.0,4.0,,10.1016/j.intermet.2015.03.013,2015,0.0,0.0,0.0,0.0,0.0,0.2,0.0,0.2,0.0,0.0,0.0,0.2,0.2,0.0,0.0,0.2,1.0,10.2612,2552.2,2.715447154471545,0.336,148.22,54.58401197604789,145.84848,38.8,195.66,131.52,58.42000000000001,4.6,150.22,1.609437912434101,0.0608850392352584,0.002047902494331,0.0802878511328644,0.0009257128066781,0.4123083615120705,0.0509701477622515,0.0612835127439702,0.3762880381925578,1198.96897652035,516.769341242077,1198.96897652035,516.769341242077,298.15,0,Borg,450.3463356509414,2164.694429768122,1616.707894324688,3.091097998751905,242.4,114.20000000000002,65.4,156.93333333333337,64.74673736953855,0.3186524176557668,64.74673736953855,0.3186524176557668,2.9180216563117205,7.691383721130018,298.15,0.0,0.0,0.2,0.0,0.0,0.0,0.2,0.0,0.0,0.0,0.0,0.2,0.2,0.2,0.0,0.0,0.0,494.406083891342
borg_rt_045,57,Mo1 Nb1 Ta1 V1 W1,BCC,CAST,536.0,C,25.0,1246.0,1270.0,2.0,,10.1016/j.intermet.2011.01.004,2011,0.0,0.0,0.0,0.0,0.0,0.0,0.0,0.2,0.2,0.0,0.0,0.2,0.0,0.2,0.2,0.0,1.0,11.728,2962.8,2.791666666666667,0.34,214.0,76.65671641791043,205.44,66.6,352.78,163.38,68.22000000000001,5.4,141.78,1.609437912434101,0.0402480565988296,0.0062283737024221,0.2421199525552937,0.0005129191809729,0.6598042807736422,0.0323352772619989,0.1247835496211554,0.2518167025291118,1551.68602254279,624.6668774985592,1551.68602254279,624.6668774985592,298.15,0,Borg,365.2774909600003,1843.600624036265,1344.3301139997936,2.834630232470388,345.0,156.8,86.60000000000001,219.53333333333333,90.27214409772265,0.3191837989784887,90.27214409772265,0.3191837989784887,2.7642835187161583,2.4085285185923926,298.15,0.0,0.0,0.2,0.2,0.2,0.2,0.2,0.0,0.0,0.0,0.0,0.0,0.0,0.0,0.0,0.0,0.0,411.1101266054415
borg_rt_046,57,Mo1 Nb1 Ta1 W1,BCC,CAST,454.0,C,25.0,1058.0,1211.0,2.0,,10.1016/j.intermet.2011.01.004,2011,0.0,0.0,0.0,0.0,0.0,0.0,0.0,0.25,0.25,0.0,0.0,0.25,0.0,0.0,0.25,0.0,1.0,13.285,3157.75,2.651741293532339,0.3325,227.5,85.79268292682926,228.6375,71.5,372.975,168.025,80.875,5.5,143.575,1.386294361119891,0.0328764641951455,0.0103030131720278,0.1921143041013837,0.0001550009825041,0.6547657612193185,0.0222028180145707,0.1334454086413447,0.2291939957649913,796.1005493415007,393.5302995844297,796.1005493415007,393.5302995844297,298.15,0,Borg,374.06598725931536,1262.7426517029407,892.8537038197413,2.5591423838293474,374.5,167.0,96.5,236.16666666666663,100.05935738350512,0.3143747460162415,100.05935738350512,0.3143747460162415,2.797198393554861,1.2832108970329332,298.15,0.0,0.0,0.25,0.25,0.0,0.25,0.25,0.0,0.0,0.0,0.0,0.0,0.0,0.0,0.0,0.0,0.0,273.043946122245
borg_rt_047,87,Hf1 Nb1 Ta1 Zr1,BCC,CAST,365.0,C,25.0,1315.0,1800.0,21.6,,10.1016/j.actamat.2016.01.018,2016,0.0,0.0,0.0,0.0,0.0,0.25,0.0,0.0,0.25,0.0,0.0,0.25,0.0,0.0,0.0,0.25,1.0,11.2725,2668.5,3.303030303030302,0.3625,142.775,43.22545871559634,117.789375,42.0,165.9,129.125,41.625,4.5,152.925,1.386294361119891,0.0401612548209792,0.0026753864447086,0.0756284290939107,0.0005657818685702,0.341578382962438,0.0406990059463199,0.0686198232487323,0.3085035023797754,437.2703167822482,283.7627154427189,437.2703167822482,283.7627154427189,298.15,0,Borg,290.79828764265466,1313.4222987572102,881.5047923439129,2.19388783558839,208.25,111.0,50.0,143.41666666666666,49.30770730829005,0.3457713016905223,49.30770730829005,0.3457713016905223,2.9703353772065886,4.900286302631704,298.15,0.0,0.0,0.0,0.0,0.0,0.25,0.25,0.0,0.0,0.0,0.0,0.0,0.25,0.25,0.0,0.0,0.0,269.57333099202225
borg_rt_048,89,Mo1 Nb1 Ta1 Ti1 W1,BCC,CAST,507.5,C,25.0,1455.0,1910.0,,,10.1016/j.msea.2017.12.004,2018,0.0,0.0,0.0,0.0,0.0,0.0,0.0,0.2,0.2,0.0,0.0,0.2,0.2,0.0,0.2,0.0,1.0,11.5292,2914.4,2.607843137254902,0.33,204.0,78.22556390977442,208.08,66.0,317.56,157.6,72.76000000000002,5.2,144.1,1.609437912434101,0.05399846212995,0.0089990817263544,0.2239365855500821,0.0001619085366059,0.6557677399102606,0.0210855006410359,0.1212121212121212,0.324567556024448,541.94032279403,315.7816833264087,541.94032279403,315.7816833264087,298.15,0,Borg,323.3782362377753,1142.9510553019118,783.1464290853937,2.32632200328534,332.0,152.0,86.60000000000001,212.0,88.28363381737297,0.3171635467888394,88.28363381737297,0.3171635467888394,2.802446076945215,1.0626694536177452,298.15,0.0,0.0,0.2,0.2,0.0,0.2,0.2,0.0,0.0,0.0,0.0,0.2,0.0,0.0,0.0,0.0,0.0,239.4943208212213
borg_rt_049,231,Nb1 Ti1 Zr1,BCC,CAST,372.0,C,25.0,1223.0,,48.0,,10.1007/s12598-019-01310-6,2019,0.0,0.0,0.0,0.0,0.0,0.0,0.0,0.0,0.3333333333333333,0.0,0.0,0.0,0.3333333333333333,0.0,0.0,0.3333333333333333,1.0,6.531999999999999,2273.0,3.075757575757575,0.3533333333333333,123.7,40.21773399014779,108.856,38.33333333333333,141.6333333333333,116.7333333333333,28.23333333333333,4.333333333333333,151.0666666666667,1.09861228866811,0.0466983276574896,0.005814643408093,0.0107360690224413,0.0012184285549952,0.1212344692942814,0.0427816780172891,0.0962079153508072,0.271915866022203,353.4216460860223,258.1130761963972,353.4216460860223,258.1130761963972,298.15,0,Borg,193.16883161572588,1107.6847619672958,679.0690169188659,1.7520998689277805,184.0,99.33333333333331,36.33333333333333,127.55555555555554,39.21875968348707,0.3605589673144935,39.21875968348707,0.3605589673144935,2.929176286551378,5.858296674692056,298.15,0.0,0.0,0.0,0.0,0.0,0.3333333333333333,0.0,0.0,0.0,0.0,0.0,0.3333333333333333,0.3333333333333333,0.0,0.0,0.0,0.0,207.6663660302342
borg_rt_050,231,Hf1 Nb1 Ti1 Zr1,BCC,CAST,351.0,C,25.0,1000.0,,52.0,,10.1007/s12598-019-01310-6,2019,0.0,0.0,0.0,0.0,0.0,0.25,0.0,0.0,0.25,0.0,0.0,0.0,0.25,0.0,0.0,0.25,1.0,8.226500000000001,2331.25,3.175438596491228,0.3575,120.275,37.87665745856354,102.835125,36.25,124.65,116.8,34.1,4.25,152.8,1.386294361119891,0.0427305872217158,0.0035331801066066,0.0108113676043812,0.0005863497437021,0.1466019909774165,0.0415666086602105,0.0847857038670079,0.2471631182364119,148.5829906219927,195.4521231636564,148.5829906219927,195.4521231636564,298.15,0,Borg,182.55679537251416,1067.2842786670665,667.2453180797407,1.8325624912377327,182.0,93.75,40.0,123.16666666666669,42.01190307520001,0.3468626201529727,42.01190307520001,0.3468626201529727,2.962192429395225,5.706909521176565,298.15,0.0,0.0,0.0,0.0,0.0,0.25,0.0,0.0,0.0,0.0,0.0,0.25,0.25,0.25,0.0,0.0,0.0,204.0505559876883
borg_rt_051,239,Hf0.25 Ti1 V0.5 Zr0.5,BCC,CAST,338.3,C,25.0,1160.0,,50.0,,10.1007/s40195-019-00921-3,2019,0.0,0.0,0.0,0.0,0.0,0.1111111111111111,0.0,0.0,0.0,0.0,0.0,0.0,0.4444444444444444,0.2222222222222222,0.0,0.2222222222222222,1.0,6.152666666666667,2099.111111111111,2.813519813519813,0.3411111111111111,116.9111111111111,41.55332780999724,111.4552592592593,40.66666666666666,129.4333333333333,117.6444444444444,34.27777777777778,4.222222222222222,148.0444444444444,1.273028336589626,0.0301860648544587,0.0017023463850485,0.009415558797286,0.0018326898677968,0.1528521015967214,0.0624682421849416,0.0639963606006139,0.2072654517326338,468.0999708142322,293.1936282698783,468.0999708142322,293.1936282698783,298.15,0,Borg,384.5692399823224,1990.2885725317308,1365.690749461571,2.336029338899859,174.0,91.2222222222222,44.333333333333336,118.81481481481482,42.83581921018212,0.339076121050521,42.83581921018212,0.339076121050521,2.874786432216862,10.62426369806562,298.15,0.0,0.0,0.0,0.0,0.2222222222222222,0.0,0.0,0.0,0.0,0.0,0.0,0.4444444444444444,0.2222222222222222,0.1111111111111111,0.0,0.0,0.0,417.6424310280033
borg_rt_052,239,Hf0.25 Nb0.25 Ti1 V0.5 Zr0.5,BCC,CAST,322.5,C,25.0,1065.0,,50.0,,10.1007/s40195-019-00921-3,2019,0.0,0.0,0.0,0.0,0.0,0.1,0.0,0.0,0.1,0.0,0.0,0.0,0.4,0.2,0.0,0.2,1.0,6.394400000000001,2164.2,2.934640522875818,0.347,122.22,41.64734966592427,112.19796,40.40000000000001,141.21,119.88,32.27,4.300000000000001,147.92,1.470808476322111,0.0191103809331544,0.0024217458827828,0.0086222636473099,0.00162175277239,0.1476164879024166,0.0593661098057385,0.0784475941718512,0.2288192930642416,629.9736384703893,342.7114219854357,629.9736384703893,342.7114219854357,298.15,0,Borg,367.8630753273758,1906.92009325441,1296.9419076758777,2.277087901244625,181.2,95.5,42.8,124.06666666666668,42.82499270285986,0.3452201911120059,42.82499270285986,0.3452201911120059,2.8731051076882195,9.571094080410123,298.15,0.0,0.0,0.0,0.0,0.2,0.1,0.0,0.0,0.0,0.0,0.0,0.4,0.2,0.1,0.0,0.0,0.0,396.61832039017656
borg_rt_053,107,Cr1 Fe1 Ni1 Ti0.6,BCC,CAST,718.2,C,25.0,1923.15,,,,10.1557/jmr.2019.40,2019,0.0,0.0,0.0,0.2777777777777778,0.2777777777777778,0.0,0.0,0.0,0.0,0.2777777777777778,0.0,0.0,0.1666666666666667,0.0,0.0,0.0,1.0,7.398777777777778,1912.111111111111,1.925135926390632,0.2786111111111111,160.2777777777778,83.25530451155042,212.9023148148148,84.0,203.5944444444445,140.5666666666667,88.10555555555555,7.333333333333334,132.1444444444444,1.366071449423063,0.0164003936775308,0.0168457185218466,0.040384620203202,0.0018855886826307,0.2796896197687771,0.0581855480150487,0.1568400009422138,0.1485481967088872,1754.634578510169,686.7496416366376,1754.634578510169,686.7496416366376,298.15,0,Borg,739.7384329462254,3663.8205447935743,2737.418084930904,3.09571294279726,255.3333333333333,113.94444444444446,102.55555555555556,161.0740740740741,85.14756617009883,0.2752847673054224,85.14756617009883,0.2752847673054224,2.5528935757812783,4.0844720534274925,298.15,0.2777777777777778,0.2777777777777778,0.0,0.0,0.0,0.0,0.0,0.0,0.0,0.2777777777777778,0.0,0.1666666666666666,0.0,0.0,0.0,0.0,0.0,837.1309128229063
borg_rt_054,119,Hf1 Nb1 Ta1 Ti1 Zr1,BCC,CAST,359.0,T,25.0,1155.0,1212.0,12.3,,10.3390/e21020114,2019,0.0,0.0,0.0,0.0,0.0,0.2,0.0,0.0,0.2,0.0,0.0,0.2,0.2,0.0,0.0,0.2,1.0,9.9192,2523.0,3.091324200913243,0.354,136.22,44.06525849335301,119.32872,42.40000000000001,151.9,126.48,41.36000000000001,4.4,151.58,1.609437912434101,0.043844717238114,0.0033770627852788,0.0541782597143774,0.0006467861653615,0.3015887361282839,0.0407882669260735,0.0790960451977401,0.3048048761412037,409.7330372163943,275.3389529569881,409.7330372163943,275.3389529569881,298.15,0,Borg,231.3226471281344,1223.20373482275,799.1457197374734,2.041888063885676,199.0,107.2,49.400000000000006,137.79999999999998,47.61785379455903,0.3450672135494603,47.61785379455903,0.3450672135494603,2.942081743034607,5.220860479390179,298.15,0.0,0.0,0.0,0.0,0.0,0.2,0.2,0.0,0.0,0.0,0.0,0.2,0.2,0.2,0.0,0.0,0.0,244.38707025610807
borg_rt_055,119,Nb1 Ta1 Ti1 Zr1,BCC,CAST,358.0,T,25.0,1144.0,1205.0,6.4,,10.3390/e21020114,2019,0.0,0.0,0.0,0.0,0.0,0.0,0.0,0.0,0.25,0.0,0.0,0.25,0.25,0.0,0.0,0.25,1.0,9.0715,2527.25,3.0,0.35,142.775,47.59166666666668,128.4975,45.5,171.45,128.85,38.77500000000001,4.5,149.975,1.386294361119891,0.0401612548209792,0.0051020408163265,0.041577145126702,0.0011620609324757,0.2768696183834037,0.0393917712035672,0.0857142857142857,0.3085035023797754,533.5691228144918,313.2209002185658,533.5691228144918,313.2209002185658,298.15,0,Borg,238.01825221423772,1210.745937617139,778.5578312703225,1.9614200216599933,204.75,114.75,49.0,144.75,46.95742752749558,0.3536262383705231,46.95742752749558,0.3536262383705231,2.911887764695725,4.741647907796847,298.15,0.0,0.0,0.0,0.0,0.0,0.25,0.25,0.0,0.0,0.0,0.0,0.25,0.25,0.0,0.0,0.0,0.0,238.0910798991812
borg_rt_056,119,Nb1 Ta1 Ti1,BCC,CAST,246.0,T,25.0,620.0,683.0,18.5,,10.3390/e21020114,2019,0.0,0.0,0.0,0.0,0.0,0.0,0.0,0.0,0.3333333333333333,0.0,0.0,0.3333333333333333,0.3333333333333333,0.0,0.0,0.0,1.0,9.922,2660.333333333333,3.075757575757576,0.3533333333333333,160.0,52.01970443349752,140.8,49.66666666666666,201.3333333333333,140.3666666666666,41.63333333333333,4.666666666666666,146.5666666666667,1.09861228866811,0.0325520833333333,0.005814643408093,0.0276429093252602,2.086177150543195e-06,0.244492960006089,0.0017907682224271,0.0962079153508072,0.2338535866733714,65.18103267629701,169.9391351105222,65.18103267629701,169.9391351105222,298.15,0,Borg,42.32584764821706,45.42816943356169,6.126089063912034,0.3722052097561239,225.0,129.0,54.33333333333333,161.0,51.068581339214816,0.3565673498022761,51.068581339214816,0.3565673498022761,2.8467214463843136,0.0950000822785569,298.15,0.0,0.0,0.0,0.0,0.0,0.3333333333333333,0.3333333333333333,0.0,0.0,0.0,0.0,0.3333333333333333,0.0,0.0,0.0,0.0,0.0,1.873421732083191
borg_rt_057,119,Nb1 Ti1 Zr1,BCC,CAST,295.0,T,25.0,956.0,991.0,14.2,,10.3390/e21020114,2019,0.0,0.0,0.0,0.0,0.0,0.0,0.0,0.0,0.3333333333333333,0.0,0.0,0.0,0.3333333333333333,0.0,0.0,0.3333333333333333,1.0,6.531999999999999,2273.0,3.075757575757575,0.3533333333333333,123.7,40.21773399014779,108.856,38.33333333333333,141.6333333333333,116.7333333333333,28.23333333333333,4.333333333333333,151.0666666666667,1.09861228866811,0.0466983276574896,0.005814643408093,0.0107360690224413,0.0012184285549952,0.1212344692942814,0.0427816780172891,0.0962079153508072,0.271915866022203,353.4216460860223,258.1130761963972,353.4216460860223,258.1130761963972,298.15,0,Borg,220.88744231842665,1107.6847619672958,679.0690169188659,1.7520998689277805,184.0,99.33333333333331,36.33333333333333,127.55555555555554,39.21875968348707,0.3605589673144935,39.21875968348707,0.3605589673144935,2.929176286551378,5.858296674692056,298.15,0.0,0.0,0.0,0.0,0.0,0.3333333333333333,0.0,0.0,0.0,0.0,0.0,0.3333333333333333,0.3333333333333333,0.0,0.0,0.0,0.0,207.6663660302342
borg_rt_058,265,Al1 Mo1 Nb1 Ti1,BCC,CAST,509.0,,,,,,,10.1016/j.matdes.2018.06.003,2018,0.25,0.0,0.0,0.0,0.0,0.0,0.0,0.25,0.25,0.0,0.0,0.0,0.25,0.0,0.0,0.0,1.0,6.514,2130.0,2.89247311827957,0.345,146.5,50.64869888475835,136.245,32.0,211.95,125.075,46.75,4.5,144.05,1.386294361119891,0.0812152733287516,0.0063537072043688,0.0915434987346351,0.0001976166486409,0.4131014070841503,0.0187916385749936,0.1014492753623189,0.4013251355651601,199.2674608543118,210.9567026167977,,,298.15,0,Borg,205.7438234383008,695.5300322227813,394.4253875341992,1.489427965859577,244.5,114.0,53.25,157.5,58.94541966938568,0.3336270739541159,58.94541966938568,0.3336270739541159,2.803947589916877,0.7614409406804113,298.15,0.0,0.0,0.25,0.0,0.0,0.25,0.0,0.25,0.0,0.0,0.0,0.25,0.0,0.0,0.0,0.0,0.0,120.6193845670334
borg_rt_059,265,Al1 Nb1 Ta1 Ti1,BCC,CAST,458.0,,,,,,,10.1016/j.matdes.2018.06.003,2018,0.25,0.0,0.0,0.0,0.0,0.0,0.0,0.0,0.25,0.0,0.0,0.25,0.25,0.0,0.0,0.0,1.0,8.1165,2228.5,3.056497175141243,0.3525,139.0,45.47689463955638,123.015,43.75,160.675,125.075,39.475,4.25,145.725,1.386294361119891,0.0513560374721805,0.0045395100850057,0.0559974523631008,7.505759517083808e-05,0.3299621611453819,0.0101247120807545,0.0836157881032028,0.3504564592465784,43.20503473803208,163.216590620383,,,298.15,0,Borg,73.63709918723332,190.88982466198067,62.06034111533536,0.7027881460910398,195.5,112.0,47.75,139.83333333333334,44.64932810244741,0.3557059375105062,44.64932810244741,0.3557059375105062,2.8366314253611105,0.1774693877198085,298.15,0.0,0.0,0.0,0.0,0.0,0.25,0.25,0.25,0.0,0.0,0.0,0.25,0.0,0.0,0.0,0.0,0.0,18.97869758878757
borg_rt_060,265,Cr1 Mo1 Ta1 Ti1,BCC,CAST,539.0,,,,,,,10.1016/j.matdes.2018.06.003,2018,0.0,0.0,0.0,0.25,0.0,0.0,0.0,0.25,0.0,0.0,0.0,0.25,0.25,0.0,0.0,0.0,1.0,9.6565,2576.75,2.105691056910569,0.295,175.0,83.1081081081081,215.25,61.5,267.6,129.925,64.625,5.25,142.225,1.386294361119891,0.0344897959183673,0.0207555300201091,0.1441529512856104,0.0004789242582996,0.495698997577514,0.0313510959400618,0.1703368749342524,0.2571428571428571,2103.42574828327,793.4462368563078,,,298.15,0,Borg,691.2653828308505,3308.8649315723515,2585.8469422032754,3.7210826244998016,310.5,122.5,86.0,185.16666666666663,89.91106717195609,0.291037669451674,89.91106717195609,0.291037669451674,2.7333976901560444,5.400630482923988,298.15,0.25,0.0,0.25,0.0,0.0,0.0,0.25,0.0,0.0,0.0,0.0,0.25,0.0,0.0,0.0,0.0,0.0,790.7788814077294
borg_rt_061,265,Cr1 Nb1 Ta1 Ti1,BCC,CAST,495.0,,,,,,,10.1016/j.matdes.2018.06.003,2018,0.0,0.0,0.0,0.25,0.0,0.0,0.0,0.0,0.25,0.0,0.0,0.25,0.25,0.0,0.0,0.0,1.0,9.229,2540.25,2.406392694063927,0.3175,160.0,66.48956356736242,175.2,66.0,212.9,123.625,43.3,5.0,143.925,1.386294361119891,0.0244140625,0.0286595573191146,0.1330771243904553,0.0007579945345402,0.4556236624361448,0.0318300741095892,0.2163564041580172,0.2025231468252456,1528.936329264292,617.7076565507164,,,298.15,0,Borg,560.8976155160615,2731.268154704593,2034.850266631072,3.062761056111156,256.25,113.75,66.0,161.25,68.57477670397476,0.3137650719386569,68.57477670397476,0.3137650719386569,2.7675282204166933,6.302864329561664,298.15,0.25,0.0,0.0,0.0,0.0,0.25,0.25,0.0,0.0,0.0,0.0,0.25,0.0,0.0,0.0,0.0,0.0,622.2783690003279
borg_rt_062,265,Cr1 Nb1 Ti1 W1,BCC,CAST,630.0,,,,,,,10.1016/j.matdes.2018.06.003,2018,0.0,0.0,0.0,0.25,0.0,0.0,0.0,0.0,0.25,0.0,0.0,0.0,0.25,0.0,0.25,0.0,1.0,9.4565,2641.5,2.19831223628692,0.3025,187.5,85.29270633397313,222.1875,89.5,277.125,132.75,60.55,5.25,142.45,1.386294361119891,0.1067111111111111,0.0259715866402568,0.196966180047911,0.0005125479853454,0.6022874235741138,0.0308620938359133,0.2270848208931254,0.3962042122160967,2126.291914379548,800.4410872987296,,,298.15,0,Borg,711.4530247174296,3331.0278093037828,2610.559786193377,3.768690763312279,320.0,124.5,84.5,189.66666666666663,90.88385445171215,0.2934094299203011,90.88385445171215,0.2934094299203011,2.73709597398222,5.377857358250762,298.15,0.25,0.0,0.0,0.25,0.0,0.25,0.0,0.0,0.0,0.0,0.0,0.25,0.0,0.0,0.0,0.0,0.0,798.3363260530206
borg_rt_063,265,Hf1 Nb1 Ta1 Ti1,BCC,CAST,270.0,,,,,,,10.1016/j.matdes.2018.06.003,2018,0.0,0.0,0.0,0.0,0.0,0.25,0.0,0.0,0.25,0.0,0.0,0.25,0.25,0.0,0.0,0.0,1.0,10.769,2621.75,3.175438596491227,0.3575,147.5,46.45027624309393,126.1125,44.75,169.425,134.525,44.15000000000001,4.5,149.425,1.386294361119891,0.0316719333524849,0.0035331801066066,0.0489300188182445,0.0008233068657112,0.2987552392852065,0.0331670995204256,0.0847857038670079,0.2642111401376253,397.9724815272763,271.7413525626419,,,298.15,0,Borg,227.6480970828865,1027.2278161049078,646.5625507022211,1.86201458318732,212.75,116.0,53.5,148.25,50.87300364633486,0.3460331645059094,50.87300364633486,0.3460331645059094,2.9022016552541734,3.4336482049717465,298.15,0.0,0.0,0.0,0.0,0.0,0.25,0.25,0.0,0.0,0.0,0.0,0.25,0.0,0.25,0.0,0.0,0.0,197.7255506734621
borg_rt_064,265,Mo1 Nb1 Ta1 Ti1 W1,BCC,CAST,446.0,,,,,,,10.1016/j.matdes.2018.06.003,2018,0.0,0.0,0.0,0.0,0.0,0.0,0.0,0.2,0.2,0.0,0.0,0.2,0.2,0.0,0.2,0.0,1.0,11.5292,2914.4,2.607843137254902,0.33,204.0,78.22556390977442,208.08,66.0,317.56,157.6,72.76000000000002,5.2,144.1,1.609437912434101,0.05399846212995,0.0089990817263544,0.2239365855500821,0.0001619085366059,0.6557677399102606,0.0210855006410359,0.1212121212121212,0.324567556024448,541.94032279403,315.7816833264087,,,298.15,0,Borg,311.3502293375193,1142.9510553019118,783.1464290853937,2.32632200328534,332.0,152.0,86.60000000000001,212.0,88.28363381737297,0.3171635467888394,88.28363381737297,0.3171635467888394,2.802446076945215,1.0626694536177452,298.15,0.0,0.0,0.2,0.2,0.0,0.2,0.2,0.0,0.0,0.0,0.0,0.2,0.0,0.0,0.0,0.0,0.0,239.4943208212213
borg_rt_065,265,Mo1 Nb1 Ta1 Ti1,BCC,CAST,431.0,,,,,,,10.1016/j.matdes.2018.06.003,2018,0.0,0.0,0.0,0.0,0.0,0.0,0.0,0.25,0.25,0.0,0.0,0.25,0.25,0.0,0.0,0.0,1.0,10.0115,2719.25,2.841269841269842,0.3425,177.5,62.47206703910614,167.7375,42.25,267.5,146.575,56.10000000000001,5.0,144.925,1.386294361119891,0.0361535409640944,0.0070461931908998,0.1155513576778254,0.0002887126814179,0.4208145001805491,0.0196827380714062,0.1019287594435689,0.2499752021028007,374.8240648764077,264.6601605617643,,,298.15,0,Borg,215.9571459659523,851.2490677922532,531.3042032359293,1.8254925451027844,284.5,139.0,68.0,187.5,70.33491309442275,0.333286110708161,70.33491309442275,0.333286110708161,2.817359393880843,0.9586070521540788,298.15,0.0,0.0,0.25,0.0,0.0,0.25,0.25,0.0,0.0,0.0,0.0,0.25,0.0,0.0,0.0,0.0,0.0,162.47834961343403
borg_rt_066,4,Al1 Co0.5 Cr0.5 Fe0.5 Ni0.5,BCC,CAST,432.0,,25.0,,,,,10.1016/j.jallcom.2008.07.124,2009,0.3333333333333333,0.0,0.1666666666666667,0.1666666666666667,0.1666666666666667,0.0,0.0,0.0,0.0,0.1666666666666667,0.0,0.0,0.0,0.0,0.0,0.0,1.0,6.372000000000002,1558.833333333334,2.232962646136299,0.3051666666666667,142.6666666666667,63.89120163452945,166.7773333333334,67.00000000000001,147.0166666666667,122.6333333333334,75.41666666666669,5.333333333333335,133.2666666666667,1.560710409041407,0.0727865606894343,0.0162085541968264,0.1172393465587444,0.0018519348051547,0.5007694103969769,0.0596704254177025,0.1555568035895807,0.3378491746462518,1231.149767427969,526.6135721712967,1231.149767427969,526.6135721712967,298.15,0,Borg,595.8478120170238,3157.519305011277,2261.320876880596,2.667011033402117,223.8333333333333,107.0,78.66666666666666,145.94444444444443,67.78970751112918,0.2988925482967191,67.78970751112918,0.2988925482967191,2.597430017524399,6.245924586759212,298.15,0.1666666666666666,0.1666666666666666,0.0,0.0,0.0,0.0,0.0,0.3333333333333333,0.1666666666666666,0.1666666666666666,0.0,0.0,0.0,0.0,0.0,0.0,0.0,691.535436354922
borg_rt_067,15,Al1 Fe1 Ni1 Ti1 V1 Zr1,BCC,CAST,800.0,,25.0,,,,,10.1002/adem.200300567,2004,0.1666666666666667,0.0,0.0,0.0,0.1666666666666667,0.0,0.0,0.0,0.0,0.1666666666666667,0.0,0.0,0.1666666666666667,0.1666666666666667,0.0,0.1666666666666667,1.0,6.001333333333335,1787.333333333334,2.610729473339877,0.3301666666666667,131.35,50.31160882094974,133.84565,51.83333333333334,152.7,132.8833333333334,60.96666666666668,5.666666666666668,139.3666666666667,1.791759469228055,0.0295953749017008,0.0024259151150127,0.0661169362293857,0.003724332520001,0.4269689111021145,0.0868674446955211,0.0793749883569732,0.3095524623985274,1598.233911937935,638.9060605499955,1598.233911937935,638.9060605499955,298.15,0,Borg,767.2699614519938,3752.9030866743296,2779.562407298763,2.996771280214712,185.3333333333333,104.66666666666666,65.83333333333333,131.55555555555554,51.52938751603571,0.3267710336084589,51.52938751603571,0.3267710336084589,2.7370740225223424,14.450286079674084,298.15,0.0,0.1666666666666666,0.0,0.0,0.1666666666666666,0.0,0.0,0.1666666666666666,0.0,0.1666666666666666,0.0,0.1666666666666666,0.1666666666666666,0.0,0.0,0.0,0.0,850.0190848008449
borg_rt_068,18,Al0.333 Cr0.667 Fe1 Mn0.667 Ni0.333,BCC,CAST,396.0,,25.0,,,,,10.1016/j.msea.2010.05.052,2010,0.111,0.0,0.0,0.2223333333333334,0.3333333333333333,0.0,0.2223333333333334,0.0,0.0,0.111,0.0,0.0,0.0,0.0,0.0,0.0,1.0,7.163668000000001,1902.650333333334,2.102918087813329,0.2947666666666667,141.3550666666667,67.21853194655408,174.0646290933333,81.54293333333335,226.0241333333333,159.0169,85.67433333333335,7.000000000000002,132.4448,1.522800868130062,0.0264497352268835,0.018386456962106,0.1123428690302201,0.000731964699223,0.4216131603178977,0.0429877714728832,0.1744737108526316,0.27652369885081,1486.167285608064,604.6244373227482,1486.167285608064,604.6244373227482,298.15,0,Borg,401.1941915581008,2175.159147356784,1486.095765326148,2.306866666224896,247.027,115.55533333333334,102.451,159.37922222222224,82.0652293047021,0.2802620356976082,82.0652293047021,0.2802620356976082,2.5508583366995263,2.6091822454163265,298.15,0.2223333333333333,0.3333333333333333,0.0,0.0,0.0,0.0,0.0,0.111,0.0,0.111,0.0,0.0,0.0,0.0,0.2223333333333333,0.0,0.0,454.4635367969871
borg_rt_069,40,Al0.3 Hf1 Nb1 Ta1 Ti1 Zr1,BCC,CAST,353.0,C,25.0,1188.0,,50.0,,10.1016/j.jallcom.2014.11.064,2015,0.0566037735849056,0.0,0.0,0.0,0.0,0.1886792452830189,0.0,0.0,0.1886792452830189,0.0,0.0,0.1886792452830189,0.1886792452830189,0.0,0.0,0.1886792452830189,1.0,9.510566037735853,2433.0,3.086021505376347,0.3537735849056605,132.811320754717,43.03642101111036,116.5231399074403,41.47169811320755,145.4924528301887,123.8037735849057,40.8867924528302,4.320754716981133,151.1056603773585,1.735856224576525,0.0482887704497773,0.003221467505241,0.058499909936805,0.0006834472514308,0.312446737030581,0.0417566329734468,0.0769184272098984,0.3212205560141245,370.1756232081968,263.2381839119598,370.1756232081968,263.2381839119598,298.15,0,Borg,235.4242771717722,1233.2686809367794,800.3015034886911,2.0068934378824106,193.7924528301887,104.58490566037736,48.18867924528302,134.32075471698113,46.36158904106121,0.345228818662616,46.36158904106121,0.345228818662616,2.9347073200132883,5.285706610725888,298.15,0.0,0.0,0.0,0.0,0.0,0.1886792452830188,0.1886792452830188,0.0566037735849056,0.0,0.0,0.0,0.1886792452830188,0.1886792452830188,0.1886792452830188,0.0,0.0,0.0,244.74052094455385
borg_rt_070,48,Hf1 Mo1 Nb1 Ta1 Ti1 Zr1,BCC,CAST,505.0,C,25.0,1512.0,1800.0,12.0,,10.1016/j.matlet.2016.03.133,2016,0.0,0.0,0.0,0.0,0.0,0.1666666666666667,0.0,0.1666666666666667,0.1666666666666667,0.0,0.0,0.1666666666666667,0.1666666666666667,0.0,0.0,0.1666666666666667,1.0,9.979333333333336,2585.166666666667,2.92753623188406,0.3466666666666668,151.8500000000001,51.86955445544552,139.7019999999999,38.66666666666668,204.2500000000001,132.9333333333334,51.05000000000001,4.666666666666668,149.65,1.791759469228055,0.0441445528201245,0.0039447731755423,0.0629181143617102,0.0008283239650359,0.3801812624385464,0.0474765734871227,0.0876003228763874,0.3395250975174403,1061.837711486746,474.8203461262605,1061.837711486746,474.8203461262605,298.15,0,Borg,415.1907209158248,1953.02444733894,1421.563459913553,2.8170098097381606,243.0,117.5,59.33333333333333,159.33333333333334,61.01775697833104,0.3301973649614367,61.01775697833104,0.3301973649614367,2.908170612086749,6.595846718914968,298.15,0.0,0.0,0.1666666666666666,0.0,0.0,0.1666666666666666,0.1666666666666666,0.0,0.0,0.0,0.0,0.1666666666666666,0.1666666666666666,0.1666666666666666,0.0,0.0,0.0,434.72888682371655
borg_rt_071,49,Hf1 Mo1 Nb1 Ta1 Ti1 Zr1,BCC,CAST,505.0,C,25.0,1512.0,,12.0,,10.1016/j.intermet.2015.03.013,2015,0.0,0.0,0.0,0.0,0.0,0.1666666666666667,0.0,0.1666666666666667,0.1666666666666667,0.0,0.0,0.1666666666666667,0.1666666666666667,0.0,0.0,0.1666666666666667,1.0,9.979333333333336,2585.166666666667,2.92753623188406,0.3466666666666668,151.8500000000001,51.86955445544552,139.7019999999999,38.66666666666668,204.2500000000001,132.9333333333334,51.05000000000001,4.666666666666668,149.65,1.791759469228055,0.0441445528201245,0.0039447731755423,0.0629181143617102,0.0008283239650359,0.3801812624385464,0.0474765734871227,0.0876003228763874,0.3395250975174403,1061.837711486746,474.8203461262605,1061.837711486746,474.8203461262605,298.15,0,Borg,404.7548323715726,1953.02444733894,1421.563459913553,2.8170098097381606,243.0,117.5,59.33333333333333,159.33333333333334,61.01775697833104,0.3301973649614367,61.01775697833104,0.3301973649614367,2.908170612086749,6.595846718914968,298.15,0.0,0.0,0.1666666666666666,0.0,0.0,0.1666666666666666,0.1666666666666666,0.0,0.0,0.0,0.0,0.1666666666666666,0.1666666666666666,0.1666666666666666,0.0,0.0,0.0,434.72888682371655
borg_rt_072,89,Mo1 Nb1 Ta1 Ti0.75 W1,BCC,CAST,495.6,C,25.0,1304.0,1593.0,,,10.1016/j.msea.2017.12.004,2018,0.0,0.0,0.0,0.0,0.0,0.0,0.0,0.2105263157894737,0.2105263157894737,0.0,0.0,0.2105263157894737,0.1578947368421053,0.0,0.2105263157894737,0.0,1.0,11.89884210526316,2965.631578947369,2.616977225672879,0.3305263157894737,208.9473684210527,79.84302131912057,212.4664819944598,67.15789473684211,329.2263157894737,159.7947368421053,74.46842105263158,5.263157894736843,143.9894736842105,1.603568103170515,0.0492411099953882,0.0093011139557278,0.2175124932567787,0.0001616129326894,0.656403657202691,0.021375986576164,0.1239586016307552,0.30738736141253,592.6717138773566,331.3006160530305,592.6717138773566,331.3006160530305,298.15,0,Borg,335.5271084091572,1176.84042834175,813.2269486509435,2.3849813962230213,340.9473684210526,155.15789473684208,88.68421052631578,217.0877192982456,90.76506155394796,0.3165196568506822,90.76506155394796,0.3165196568506822,2.801342934757113,1.1105992617601974,298.15,0.0,0.0,0.2105263157894736,0.2105263157894736,0.0,0.2105263157894736,0.2105263157894736,0.0,0.0,0.0,0.0,0.1578947368421052,0.0,0.0,0.0,0.0,0.0,248.69325646817845
borg_rt_073,4,Al1 Co0.4 Cr0.4 Fe0.4 Ni0.4,BCC,CAST,487.0,,25.0,,,,,10.1016/j.jallcom.2008.07.124,2009,0.3846153846153847,0.0,0.1538461538461539,0.1538461538461539,0.1538461538461539,0.0,0.0,0.0,0.0,0.1538461538461539,0.0,0.0,0.0,0.0,0.0,0.0,1.0,6.089538461538464,1510.692307692308,2.279206859592713,0.3086153846153847,137.5384615384616,60.3448787281376,157.9364733727811,63.84615384615388,138.6846153846154,119.2923076923078,72.15384615384619,5.153846153846156,134.0307692307693,1.519382664642301,0.0769966086843706,0.0157087216760639,0.1262023756529927,0.0018000453136941,0.5414619039342516,0.0603267173067271,0.1527698699134791,0.3606216102623742,1063.182008367799,475.2315718469864,1063.182008367799,475.2315718469864,298.15,0,Borg,536.7714477182993,3068.551758667985,2184.7919785532386,2.6166023225017687,214.8461538461539,103.46153846153848,74.76923076923079,140.58974358974362,64.5296134028181,0.3009569192601617,64.5296134028181,0.3009569192601617,2.614674922902116,6.64335338160214,298.15,0.1538461538461538,0.1538461538461538,0.0,0.0,0.0,0.0,0.0,0.3846153846153847,0.1538461538461538,0.1538461538461538,0.0,0.0,0.0,0.0,0.0,0.0,0.0,668.1321035331005
borg_rt_074,25,Al0.357 Co0.714 Cr0.714 Cu0.714 Fe0.714 Ni0.714 V1,BCC,CAST,577.0,,25.0,,,,,10.1007/s11661-006-0081-3,2006,0.0724578851227927,0.1449157702455856,0.1449157702455856,0.1449157702455856,0.1449157702455856,0.0,0.0,0.0,0.0,0.1449157702455856,0.0,0.0,0.0,0.2029632636492795,0.0,0.0,1.0,7.368254110006091,1792.451999188148,2.34946971941013,0.3136277653744673,159.9275421148773,68.06963324261507,178.836320412712,68.88228130708343,193.361457276233,139.220742845545,75.52283336716057,6.594073472701444,130.5858331641973,1.913453874167713,0.0199548348412998,0.0158211813418352,0.068883740918188,0.0006760995808102,0.3761158842037399,0.0426637377470516,0.1587801668823726,0.1791448714770855,912.9421476521734,429.2726055834118,912.9421476521734,429.2726055834118,298.15,0,Borg,368.0582770319076,1899.5625587993468,1224.6848869015807,1.9742332604591912,241.78140856504973,120.85467830322712,82.72173736553684,161.16358839050133,70.72223561650044,0.3085873964091122,70.72223561650044,0.3085873964091122,2.539325874884168,2.2880403744761955,298.15,0.1449157702455855,0.1449157702455855,0.0,0.0,0.2029632636492795,0.0,0.0,0.0724578851227927,0.1449157702455855,0.1449157702455855,0.1449157702455855,0.0,0.0,0.0,0.0,0.0,0.0,374.5213721411562
borg_rt_075,54,Al0.875 Co1 Cr1 Fe1 Ni1,BCC,ANNEAL,538.0,,25.0,,,,,10.1016/j.jallcom.2009.08.090,2009,0.1794871794871795,0.0,0.2051282051282051,0.2051282051282051,0.2051282051282051,0.0,0.0,0.0,0.0,0.2051282051282051,0.0,0.0,0.0,0.0,0.0,0.0,0.9999999999999998,7.219384615384614,1703.25641025641,2.10355744397234,0.2948205128205128,158.051282051282,75.13523460182734,194.5732859960552,76.46153846153845,172.0128205128205,132.6564102564103,85.20512820512819,5.871794871794871,130.9743589743589,1.608087277484981,0.0483735688590572,0.0169789868942399,0.0767595124140566,0.001563882605846,0.3698738867813396,0.0538819632404587,0.1591882427639219,0.2528468595473038,1377.170537039555,571.2819018169332,1377.170537039555,571.2819018169332,298.15,1,Borg,562.06146426329,2954.184429148044,2097.589864303988,2.593532380146804,250.7948717948718,117.6153846153846,90.35897435897436,162.008547008547,77.56920093436776,0.2935506276159145,77.56920093436776,0.2935506276159145,2.5442705126834118,4.1757536699445,298.15,0.2051282051282051,0.2051282051282051,0.0,0.0,0.0,0.0,0.0,0.1794871794871795,0.2051282051282051,0.2051282051282051,0.0,0.0,0.0,0.0,0.0,0.0,0.0,641.46479030703
borg_rt_076,54,Al1 Co0.8 Cr0.8 Fe0.8 Ni0.8,BCC,ANNEAL,487.0,,25.0,,,,,10.1016/j.jallcom.2009.08.090,2009,0.2380952380952381,0.0,0.1904761904761905,0.1904761904761905,0.1904761904761905,0.0,0.0,0.0,0.0,0.1904761904761905,0.0,0.0,0.0,0.0,0.0,0.0,1.0,6.896571428571429,1648.238095238095,2.151285691749488,0.2987619047619048,152.1904761904762,70.74396337694716,183.7591292517007,72.85714285714286,162.4904761904762,128.8380952380953,81.47619047619048,5.666666666666667,131.847619047619,1.605098659623958,0.0596728985312336,0.0168129330620595,0.0952447041083362,0.0017651435869093,0.4214350369377566,0.0568381397050971,0.1586713249137254,0.2886247116023133,1399.697117499404,578.1728716731124,1399.697117499404,578.1728716731124,298.15,1,Borg,559.097841293449,3137.0911889834097,2247.767708489959,2.671224170208639,240.52380952380952,113.57142857142856,85.9047619047619,155.88888888888889,73.84380156437274,0.2954504873961178,73.84380156437274,0.2954504873961178,2.564782020177618,5.119662303829251,298.15,0.1904761904761904,0.1904761904761904,0.0,0.0,0.0,0.0,0.0,0.238095238095238,0.1904761904761904,0.1904761904761904,0.0,0.0,0.0,0.0,0.0,0.0,0.0,687.390736541272
borg_rt_077,54,Al1 Co0.8 Cr0.8 Fe0.8 Ni0.8,BCC,ANNEAL,499.0,,25.0,,,,,10.1016/j.jallcom.2009.08.090,2009,0.2380952380952381,0.0,0.1904761904761905,0.1904761904761905,0.1904761904761905,0.0,0.0,0.0,0.0,0.1904761904761905,0.0,0.0,0.0,0.0,0.0,0.0,1.0,6.896571428571429,1648.238095238095,2.151285691749488,0.2987619047619048,152.1904761904762,70.74396337694716,183.7591292517007,72.85714285714286,162.4904761904762,128.8380952380953,81.47619047619048,5.666666666666667,131.847619047619,1.605098659623958,0.0596728985312336,0.0168129330620595,0.0952447041083362,0.0017651435869093,0.4214350369377566,0.0568381397050971,0.1586713249137254,0.2886247116023133,1399.697117499404,578.1728716731124,1399.697117499404,578.1728716731124,298.15,1,Borg,559.097841293449,3137.0911889834097,2247.767708489959,2.671224170208639,240.52380952380952,113.57142857142856,85.9047619047619,155.88888888888889,73.84380156437274,0.2954504873961178,73.84380156437274,0.2954504873961178,2.564782020177618,5.119662303829251,298.15,0.1904761904761904,0.1904761904761904,0.0,0.0,0.0,0.0,0.0,0.238095238095238,0.1904761904761904,0.1904761904761904,0.0,0.0,0.0,0.0,0.0,0.0,0.0,687.390736541272
borg_rt_078,54,Al1 Co0.667 Cr0.667 Fe0.667 Ni0.667,BCC,ANNEAL,484.0,,25.0,,,,,10.1016/j.jallcom.2009.08.090,2009,0.2726281352235551,0.0,0.1818429661941112,0.1818429661941112,0.1818429661941112,0.0,0.0,0.0,0.0,0.1818429661941112,0.0,0.0,0.0,0.0,0.0,0.0,1.0,6.706364231188658,1615.820338058888,2.180293567134442,0.301084242093784,148.7371864776445,68.21888057631139,177.5170210622329,70.73336968375135,156.8797437295529,126.5882769901854,79.2790348964013,5.545801526717557,132.362159214831,1.594206871139436,0.0651995420480622,0.0166420549667893,0.1044178925079838,0.0018277993560976,0.4507756080955969,0.0581250092463501,0.1578583453434361,0.3076008874308888,1363.673971765071,567.1532492398505,1363.673971765071,567.1532492398505,298.15,1,Borg,571.0499687349874,3177.8302692919297,2280.60517122528,2.6853895494092246,234.471919302072,111.18865866957468,83.2802617230098,152.28307888040712,71.6486643683621,0.2966444212034925,71.6486643683621,0.2966444212034925,2.5767157512149117,5.586355384859853,298.15,0.1818429661941112,0.1818429661941112,0.0,0.0,0.0,0.0,0.0,0.272628135223555,0.1818429661941112,0.1818429661941112,0.0,0.0,0.0,0.0,0.0,0.0,0.0,697.4327740750089
borg_rt_079,54,Al1 Co0.667 Cr0.667 Fe0.667 Ni0.667,BCC,ANNEAL,517.0,,25.0,,,,,10.1016/j.jallcom.2009.08.090,2009,0.2726281352235551,0.0,0.1818429661941112,0.1818429661941112,0.1818429661941112,0.0,0.0,0.0,0.0,0.1818429661941112,0.0,0.0,0.0,0.0,0.0,0.0,1.0,6.706364231188658,1615.820338058888,2.180293567134442,0.301084242093784,148.7371864776445,68.21888057631139,177.5170210622329,70.73336968375135,156.8797437295529,126.5882769901854,79.2790348964013,5.545801526717557,132.362159214831,1.594206871139436,0.0651995420480622,0.0166420549667893,0.1044178925079838,0.0018277993560976,0.4507756080955969,0.0581250092463501,0.1578583453434361,0.3076008874308888,1363.673971765071,567.1532492398505,1363.673971765071,567.1532492398505,298.15,1,Borg,548.1216808865208,3177.8302692919297,2280.60517122528,2.6853895494092246,234.471919302072,111.18865866957468,83.2802617230098,152.28307888040712,71.6486643683621,0.2966444212034925,71.6486643683621,0.2966444212034925,2.5767157512149117,5.586355384859853,298.15,0.1818429661941112,0.1818429661941112,0.0,0.0,0.0,0.0,0.0,0.272628135223555,0.1818429661941112,0.1818429661941112,0.0,0.0,0.0,0.0,0.0,0.0,0.0,697.4327740750089
borg_rt_080,54,Al1 Co1 Cr1 Fe1 Ni1,BCC,ANNEAL,484.0,,25.0,,,,,10.1016/j.jallcom.2009.08.090,2009,0.2,0.0,0.2,0.2,0.2,0.0,0.0,0.0,0.0,0.2,0.0,0.0,0.0,0.0,0.0,0.0,1.0,7.106400000000001,1684.0,2.120052338894341,0.2962,156.0,73.58308902947074,190.7568,75.2,168.68,131.32,83.9,5.800000000000001,131.28,1.609437912434101,0.0525969756738987,0.0169384793474489,0.0836332991828848,0.0016488660286139,0.3882042194315772,0.055035553578103,0.1591341972218935,0.2659445350566462,1398.586369487375,577.8330894730423,1398.586369487375,577.8330894730423,298.15,1,Borg,541.2963175670591,3036.7907488318297,2165.4848407426,2.6295987352358714,247.2,116.2,88.80000000000001,159.86666666666667,76.26532632854855,0.2941983713062056,76.26532632854855,0.2941983713062056,2.551487083583825,4.527859784984577,298.15,0.2,0.2,0.0,0.0,0.0,0.0,0.0,0.2,0.2,0.2,0.0,0.0,0.0,0.0,0.0,0.0,0.0,662.2277800436085
borg_rt_081,43,Al1 Nb1 Ti1 V1,BCC,ANNEAL,448.0,C,25.0,1020.0,1318.0,,5.0,10.1016/j.matlet.2014.11.162,2015,0.25,0.0,0.0,0.0,0.0,0.0,0.0,0.0,0.25,0.0,0.0,0.0,0.25,0.25,0.0,0.0,1.0,5.319,1951.75,3.238095238095237,0.36,129.0,39.83823529411766,108.36,38.75,163.45,119.975,26.275,4.25,142.7,1.386294361119891,0.0421999879814914,0.0030864197530864,0.0301648552376101,0.0008054936112975,0.2037274401757614,0.0341369641452519,0.0809854429839625,0.2954902101169909,350.2797869336515,257.1519690834052,350.2797869336515,257.1519690834052,298.15,1,Borg,209.6946893765409,1023.0636717837774,572.4617338267176,1.4517900421352194,185.5,100.75,37.75,129.0,39.99570289418602,0.3594984588026497,39.99570289418602,0.3594984588026497,2.7807025415944957,2.4480563377905487,298.15,0.0,0.0,0.0,0.0,0.25,0.25,0.0,0.25,0.0,0.0,0.0,0.25,0.0,0.0,0.0,0.0,0.0,175.06475040572403
borg_rt_082,56,Mo1 Nb1 Ta1 V1,BCC,ANNEAL,504.0,C,25.0,1525.0,2400.0,21.0,,10.3390/e18050189,2016,0.0,0.0,0.0,0.0,0.0,0.0,0.0,0.25,0.25,0.0,0.0,0.25,0.0,0.25,0.0,0.0,1.0,10.26,2779.75,3.114942528735632,0.355,190.0,60.99630996309963,165.3,43.0,311.525,153.8,50.425,5.25,142.025,1.386294361119891,0.0110803324099723,0.0040170601071216,0.1129334041865621,0.0006832872685647,0.405034503773875,0.0358828437543881,0.0944817455281601,0.1441375151329385,1429.877746063234,587.4052450484044,1429.877746063234,587.4052450484044,298.15,1,Borg,345.1443202679453,1775.2580786265962,1247.9944427605567,2.512980287005148,300.75,145.0,68.0,196.91666666666663,72.77018620286745,0.3354906428258573,72.77018620286745,0.3354906428258573,2.770008340989996,2.95941920998066,298.15,0.0,0.0,0.25,0.0,0.25,0.25,0.25,0.0,0.0,0.0,0.0,0.0,0.0,0.0,0.0,0.0,0.0,381.6496766851855
borg_rt_083,265,Cr1 Mo1 Ta1 Ti1,BCC,ANNEAL,555.0,,,,,,,10.1016/j.matdes.2018.06.003,2018,0.0,0.0,0.0,0.25,0.0,0.0,0.0,0.25,0.0,0.0,0.0,0.25,0.25,0.0,0.0,0.0,1.0,9.6565,2576.75,2.105691056910569,0.295,175.0,83.1081081081081,215.25,61.5,267.6,129.925,64.625,5.25,142.225,1.386294361119891,0.0344897959183673,0.0207555300201091,0.1441529512856104,0.0004789242582996,0.495698997577514,0.0313510959400618,0.1703368749342524,0.2571428571428571,2103.42574828327,793.4462368563078,,,298.15,1,Borg,637.7257787482899,3308.8649315723515,2585.8469422032754,3.7210826244998016,310.5,122.5,86.0,185.16666666666663,89.91106717195609,0.291037669451674,89.91106717195609,0.291037669451674,2.7333976901560444,5.400630482923988,298.15,0.25,0.0,0.25,0.0,0.0,0.0,0.25,0.0,0.0,0.0,0.0,0.25,0.0,0.0,0.0,0.0,0.0,790.7788814077294
borg_rt_084,265,Hf1 Nb1 Ta1 Ti1,BCC,ANNEAL,280.0,,,,,,,10.1016/j.matdes.2018.06.003,2018,0.0,0.0,0.0,0.0,0.0,0.25,0.0,0.0,0.25,0.0,0.0,0.25,0.25,0.0,0.0,0.0,1.0,10.769,2621.75,3.175438596491227,0.3575,147.5,46.45027624309393,126.1125,44.75,169.425,134.525,44.15000000000001,4.5,149.425,1.386294361119891,0.0316719333524849,0.0035331801066066,0.0489300188182445,0.0008233068657112,0.2987552392852065,0.0331670995204256,0.0847857038670079,0.2642111401376253,397.9724815272763,271.7413525626419,,,298.15,1,Borg,185.715945841376,1027.2278161049078,646.5625507022211,1.86201458318732,212.75,116.0,53.5,148.25,50.87300364633486,0.3460331645059094,50.87300364633486,0.3460331645059094,2.9022016552541734,3.4336482049717465,298.15,0.0,0.0,0.0,0.0,0.0,0.25,0.25,0.0,0.0,0.0,0.0,0.25,0.0,0.25,0.0,0.0,0.0,197.7255506734621
borg_rt_085,265,Mo1 Nb1 Ta1 Ti1 W1,BCC,ANNEAL,482.0,,,,,,,10.1016/j.matdes.2018.06.003,2018,0.0,0.0,0.0,0.0,0.0,0.0,0.0,0.2,0.2,0.0,0.0,0.2,0.2,0.0,0.2,0.0,1.0,11.5292,2914.4,2.607843137254902,0.33,204.0,78.22556390977442,208.08,66.0,317.56,157.6,72.76000000000002,5.2,144.1,1.609437912434101,0.05399846212995,0.0089990817263544,0.2239365855500821,0.0001619085366059,0.6557677399102606,0.0210855006410359,0.1212121212121212,0.324567556024448,541.94032279403,315.7816833264087,,,298.15,1,Borg,295.81588076547644,1142.9510553019118,783.1464290853937,2.32632200328534,332.0,152.0,86.60000000000001,212.0,88.28363381737297,0.3171635467888394,88.28363381737297,0.3171635467888394,2.802446076945215,1.0626694536177452,298.15,0.0,0.0,0.2,0.2,0.0,0.2,0.2,0.0,0.0,0.0,0.0,0.2,0.0,0.0,0.0,0.0,0.0,239.4943208212213
borg_rt_086,265,Mo1 Nb1 Ta1 Ti1,BCC,ANNEAL,407.0,,,,,,,10.1016/j.matdes.2018.06.003,2018,0.0,0.0,0.0,0.0,0.0,0.0,0.0,0.25,0.25,0.0,0.0,0.25,0.25,0.0,0.0,0.0,1.0,10.0115,2719.25,2.841269841269842,0.3425,177.5,62.47206703910614,167.7375,42.25,267.5,146.575,56.10000000000001,5.0,144.925,1.386294361119891,0.0361535409640944,0.0070461931908998,0.1155513576778254,0.0002887126814179,0.4208145001805491,0.0196827380714062,0.1019287594435689,0.2499752021028007,374.8240648764077,264.6601605617643,,,298.15,1,Borg,215.9571459659523,851.2490677922532,531.3042032359293,1.8254925451027844,284.5,139.0,68.0,187.5,70.33491309442275,0.333286110708161,70.33491309442275,0.333286110708161,2.817359393880843,0.9586070521540788,298.15,0.0,0.0,0.25,0.0,0.0,0.25,0.25,0.0,0.0,0.0,0.0,0.25,0.0,0.0,0.0,0.0,0.0,162.47834961343403
borg_rt_087,54,Al1 Co0.5 Cr0.5 Fe0.5 Ni0.5,BCC,ANNEAL,509.0,,25.0,,,,,10.1016/j.jallcom.2009.08.090,2009,0.3333333333333333,0.0,0.1666666666666667,0.1666666666666667,0.1666666666666667,0.0,0.0,0.0,0.0,0.1666666666666667,0.0,0.0,0.0,0.0,0.0,0.0,1.0,6.372000000000002,1558.833333333334,2.232962646136299,0.3051666666666667,142.6666666666667,63.89120163452945,166.7773333333334,67.00000000000001,147.0166666666667,122.6333333333334,75.41666666666669,5.333333333333335,133.2666666666667,1.560710409041407,0.0727865606894343,0.0162085541968264,0.1172393465587444,0.0018519348051547,0.5007694103969769,0.0596704254177025,0.1555568035895807,0.3378491746462518,1231.149767427969,526.6135721712967,1231.149767427969,526.6135721712967,298.15,1,Borg,544.6554177101788,3157.519305011277,2261.320876880596,2.667011033402117,223.8333333333333,107.0,78.66666666666666,145.94444444444443,67.78970751112918,0.2988925482967191,67.78970751112918,0.2988925482967191,2.597430017524399,6.245924586759212,298.15,0.1666666666666666,0.1666666666666666,0.0,0.0,0.0,0.0,0.0,0.3333333333333333,0.1666666666666666,0.1666666666666666,0.0,0.0,0.0,0.0,0.0,0.0,0.0,691.535436354922
borg_rt_088,54,Al1 Co0.5 Cr0.5 Fe0.5 Ni0.5,BCC,ANNEAL,512.0,,25.0,,,,,10.1016/j.jallcom.2009.08.090,2009,0.3333333333333333,0.0,0.1666666666666667,0.1666666666666667,0.1666666666666667,0.0,0.0,0.0,0.0,0.1666666666666667,0.0,0.0,0.0,0.0,0.0,0.0,1.0,6.372000000000002,1558.833333333334,2.232962646136299,0.3051666666666667,142.6666666666667,63.89120163452945,166.7773333333334,67.00000000000001,147.0166666666667,122.6333333333334,75.41666666666669,5.333333333333335,133.2666666666667,1.560710409041407,0.0727865606894343,0.0162085541968264,0.1172393465587444,0.0018519348051547,0.5007694103969769,0.0596704254177025,0.1555568035895807,0.3378491746462518,1231.149767427969,526.6135721712967,1231.149767427969,526.6135721712967,298.15,1,Borg,595.8478120170238,3157.519305011277,2261.320876880596,2.667011033402117,223.8333333333333,107.0,78.66666666666666,145.94444444444443,67.78970751112918,0.2988925482967191,67.78970751112918,0.2988925482967191,2.597430017524399,6.245924586759212,298.15,0.1666666666666666,0.1666666666666666,0.0,0.0,0.0,0.0,0.0,0.3333333333333333,0.1666666666666666,0.1666666666666666,0.0,0.0,0.0,0.0,0.0,0.0,0.0,691.535436354922
borg_rt_089,20,Al1 Co0.357 Cr0.357 Cu0.357 Fe0.357,BCC,OTHER,657.0,,25.0,,,,,10.3166/acsm.31.633-648,2006,0.4118616144975288,0.1470345963756178,0.1470345963756178,0.1470345963756178,0.1470345963756178,0.0,0.0,0.0,0.0,0.0,0.0,0.0,0.0,0.0,0.0,0.0,1.0,5.947112026359145,1430.712108731466,2.367307123328505,0.3148587314662273,128.4178336079077,54.24637654422651,142.652643699162,57.3918863261944,131.4200164744646,106.7248764415156,61.86289126853377,5.205518945634267,134.9072487644152,1.492861877317996,0.0686212737353251,0.0163078703448571,0.184426122536453,0.0015562451888815,0.5975605345311038,0.0564850998430406,0.1525098975842165,0.3617367266758436,996.3634100864382,454.7914989557779,996.3634100864382,454.7914989557779,298.15,3,Borg,500.96995237547935,2778.200376176257,1917.69202353394,2.377186192129392,198.60255354200987,97.75864909390444,65.49382207578253,131.37328390993957,57.465871329648486,0.3091197250203554,57.465871329648486,0.3091197250203554,2.624899536559409,6.724977465873551,298.15,0.1470345963756177,0.1470345963756177,0.0,0.0,0.0,0.0,0.0,0.4118616144975288,0.1470345963756177,0.0,0.1470345963756177,0.0,0.0,0.0,0.0,0.0,0.0,586.4501601021223
borg_rt_090,20,Al1 Co0.333 Cr0.333 Cu0.333 Fe0.333,BCC,OTHER,644.0,,25.0,,,,,10.3166/acsm.31.633-648,2006,0.4288164665523156,0.1427958833619211,0.1427958833619211,0.1427958833619211,0.1427958833619211,0.0,0.0,0.0,0.0,0.0,0.0,0.0,0.0,0.0,0.0,0.0,1.0,5.853504288164666,1416.364065180103,2.382165738599445,0.3158717838765008,126.9067324185249,53.273678805043,140.2026615257113,56.48692109777015,128.7470840480275,105.9313893653516,61.03083190394511,5.141938250428816,135.1463121783876,1.474806986734496,0.0690005532519714,0.016041851167904,0.1917039671233227,0.0015228342573737,0.6078958322577773,0.0565070838163258,0.1509655850291424,0.3672900458632305,940.4532122473062,437.6883488061505,940.4532122473062,437.6883488061505,298.15,3,Borg,487.0721528939654,2735.259242414833,1881.9622904989592,2.354628152352773,195.9618353344769,96.69897084048029,64.41295025728989,129.78659233847915,56.541197162104325,0.3097967919904398,56.541197162104325,0.3097967919904398,2.6304743740196765,6.797329198269823,298.15,0.1427958833619211,0.1427958833619211,0.0,0.0,0.0,0.0,0.0,0.4288164665523156,0.1427958833619211,0.0,0.1427958833619211,0.0,0.0,0.0,0.0,0.0,0.0,575.5236362382138
borg_rt_091,255,Al1 Co1 Cr1 Fe1 Ni1,BCC,OTHER,500.0,,,,,,,10.1016/j.intermet.2012.03.005,2012,0.2,0.0,0.2,0.2,0.2,0.0,0.0,0.0,0.0,0.2,0.0,0.0,0.0,0.0,0.0,0.0,1.0,7.106400000000001,1684.0,2.120052338894341,0.2962,156.0,73.58308902947074,190.7568,75.2,168.68,131.32,83.9,5.800000000000001,131.28,1.609437912434101,0.0525969756738987,0.0169384793474489,0.0836332991828848,0.0016488660286139,0.3882042194315772,0.055035553578103,0.1591341972218935,0.2659445350566462,1398.586369487375,577.8330894730423,,,298.15,3,Borg,549.0214878302315,3036.7907488318297,2165.4848407426,2.6295987352358714,247.2,116.2,88.80000000000001,159.86666666666667,76.26532632854855,0.2941983713062056,76.26532632854855,0.2941983713062056,2.551487083583825,4.527859784984577,298.15,0.2,0.2,0.0,0.0,0.0,0.0,0.0,0.2,0.2,0.2,0.0,0.0,0.0,0.0,0.0,0.0,0.0,662.2277800436085
borg_rt_092,255,Al1 Co0.5 Cr0.5 Fe0.5 Ni0.5,BCC,OTHER,733.0,,,,,,,10.1016/j.intermet.2012.03.005,2012,0.3333333333333333,0.0,0.1666666666666667,0.1666666666666667,0.1666666666666667,0.0,0.0,0.0,0.0,0.1666666666666667,0.0,0.0,0.0,0.0,0.0,0.0,1.0,6.372000000000002,1558.833333333334,2.232962646136299,0.3051666666666667,142.6666666666667,63.89120163452945,166.7773333333334,67.00000000000001,147.0166666666667,122.6333333333334,75.41666666666669,5.333333333333335,133.2666666666667,1.560710409041407,0.0727865606894343,0.0162085541968264,0.1172393465587444,0.0018519348051547,0.5007694103969769,0.0596704254177025,0.1555568035895807,0.3378491746462518,1231.149767427969,526.6135721712967,,,298.15,3,Borg,544.6554177101788,3157.519305011277,2261.320876880596,2.667011033402117,223.8333333333333,107.0,78.66666666666666,145.94444444444443,67.78970751112918,0.2988925482967191,67.78970751112918,0.2988925482967191,2.597430017524399,6.245924586759212,298.15,0.1666666666666666,0.1666666666666666,0.0,0.0,0.0,0.0,0.0,0.3333333333333333,0.1666666666666666,0.1666666666666666,0.0,0.0,0.0,0.0,0.0,0.0,0.0,691.535436354922
